1,55.4470537143,19.6330476425,32.0757693546
2,63.7524063509,38.1064896081,57.4526015201
3,57.4502938237,45.9916702603,49.0558142184
4,56.7974896495,37.3541593389,38.2343585652
5,51.3623583104,29.5560901973,45.2553410268
6,43.3951365567,27.5079325922,50.074036474
7,38.4177085812,21.9097422869,41.4667069048
8,36.2216606025,17.1635511784,33.7582379676
9,41.6568362923,14.9019535531,20.1906608478
10,71.4383078362,29.2081350163,18.9650072446
11,71.7010837169,33.7819363827,44.472615694
12,65.1191087241,35.9109111563,30.2098817266
13,56.314596911,27.0236498094,34.3773571329
14,62.4869574239,40.5423250718,43.6589759241
15,58.2990155211,43.502392578,36.0126177526
16,51.3902719545,30.7756486245,26.5614011027
17,32.1958478888,27.0655289756,23.5112481774
18,25.6792336361,36.9935158964,24.5088773026
19,36.1062537772,41.2797278051,31.2097964394
20,46.9640309933,36.160680055,30.1732327215
21,43.1154296424,30.6329342426,22.3887388885
22,37.0457782089,26.5347829211,19.751043621
23,30.6060541322,34.0948481877,20.2463755902
24,48.6006818657,47.2595603347,28.3099527144
25,70.0094159472,46.0563202211,25.2090741547
26,66.518468754,37.1784462893,22.7330923439
27,56.5405248255,35.3225549409,24.1820970984
28,42.7017387394,35.0073918331,21.2473613074
29,41.4263104353,22.9867184845,15.8887396848
30,49.8489262106,19.8979013595,28.0453953183
31,51.9242872801,18.2379386651,71.3186524924
32,69.3820451892,16.1591465442,63.8026526229
33,74.5663446856,8.59004257054,55.37281227
34,65.3901965114,7.53897224633,51.4202257226
35,57.3438432414,16.0161962149,58.1497957878
36,-56.558816226,31.0254770196,30.8844401658
37,-70.6488766574,28.765093566,44.2165774602
38,-67.4138917018,19.4175459928,46.6454102653
39,-62.7332524852,13.8782242725,40.9572009975
40,-57.7946255609,16.3573772959,29.7079000154
41,-57.1679389822,24.1002215341,20.2312755353
42,-67.9654036088,26.5926517711,27.7554819212
43,-78.3913584695,20.2076508712,24.3707967491
44,-78.6038199147,23.6746217299,14.8208591975
45,-59.1833120493,16.3480551376,29.3382295996
46,-68.2477524626,9.07486661173,45.8658227008
47,-52.2730929764,-1.10157426044,75.0688109373
48,-43.9145422634,3.07229900809,65.5339519124
49,-69.9388274015,15.2519664171,55.5169445311
50,-84.4893434786,8.41288027983,42.2950714244
51,-76.1944288572,6.11598079313,37.2186257811
52,-66.0831808136,-6.49845793361,58.030403334
53,-67.2449237597,-31.1387364665,62.7783751315
54,-62.550817542,-27.543469202,55.5592834052
55,-50.786010856,-11.3963252386,49.4586192891
56,-38.4310849875,-24.9305226133,42.4547812899
57,-49.8643266351,-15.9982738678,50.7714295945
58,-64.7273084118,-3.70111404046,47.221318516
59,-70.3515436589,-6.43195206669,59.2397631257
60,-69.9960017224,-20.2330312969,63.2541201071
61,-67.3267479003,-18.8584180062,51.1920709509
62,-66.5757764863,-2.74020551767,36.7495952564
63,-56.0565090484,-15.6114793438,42.9269345925
64,-59.4043931804,-27.3654656245,57.9831289882
65,-54.529110806,-34.7497874212,54.8945325755
66,-51.4868601128,-27.9106134446,45.6338699251
67,-63.3341163923,-12.1456332156,36.8526262871
68,-77.6000799376,-4.26843910728,42.0662506798
69,-77.3528539449,-7.65452583961,52.6234987443
70,-75.3347179556,-17.3714120719,57.6095172215
71,-67.8093731599,-26.2430053885,48.361346201
72,-51.6331324615,-30.0221007815,41.4285323079
73,-63.6285802185,-40.9193213056,58.9053104183
74,-73.112356748,-56.6815338637,72.310293448
75,-61.9248386937,-59.9929320444,65.4964844175
76,-63.487504318,-62.7270884243,53.8482273215
77,-72.8944282667,-59.3029404544,56.1429032336
78,-76.0145273185,-49.3145176481,62.9943411339
79,-59.2455707107,-41.8361663056,51.4789357797
80,-47.9201815734,-34.9579396269,38.064243732
81,-68.0843968232,-23.6755163415,43.7055911936
82,-75.7644782788,-1.76351972299,45.9857129367
83,-79.7535190807,-1.16209159089,36.837576258
84,-86.3150537552,-9.59772445756,34.4490463724
85,-84.2226572902,-18.5002812957,45.0479169201
86,-79.3811013778,-24.7585403458,52.5650417498
87,-77.9232165926,-34.562584888,51.2648459052
88,-80.0295271579,-30.3829569261,37.4401196069
89,-68.8965678291,-18.4851824562,35.4174292594
90,-58.369527913,-21.7696640128,31.2173382846
91,-53.0302615841,-26.625581195,28.7235936863
92,-49.8694864974,-30.9963641274,21.9369960298
93,-56.513440756,-34.212678955,15.4855331362
94,-63.5702632817,-33.646272465,14.184787904
95,-70.421209126,-28.1978359124,16.6426630669
96,-65.9798335785,-36.7063161294,41.1038022652
97,-76.930005071,-48.6248213945,59.0737520833
98,-89.9270228899,-40.3831558262,55.1635780151
99,-99.0528822702,-30.1715601115,50.3772488262
100,-100.76308797,-18.3242603829,44.4558637388
101,-111.048602805,-22.3373309678,44.5860915042
102,-85.5118304314,-33.5380052848,42.3481562351
103,-89.8505642473,-18.8340071786,25.7226072718
104,-93.668072478,-30.7226739234,32.4556385806
105,-78.5821320703,-47.1074721704,50.8941061922
106,-66.7691324039,-53.6989151816,69.9936742626
107,-71.832300437,-44.4667464069,73.624046762
108,-64.595536222,-39.7737713557,65.6799034209
109,-57.185470331,-46.2183439917,59.1905832738
110,-64.5623099878,-40.3092160964,36.1336433748
111,-71.7976892958,-35.6318803186,13.0288036593
112,-66.5271575221,-38.098284851,5.92965091939
113,-58.3268676954,-39.1497365021,5.83429875292
114,-56.3931033938,-41.2725712457,15.3952946269
115,-85.2539250523,-34.7215010498,29.643201335
116,-89.6491257809,-44.3585708057,42.382051689
117,-85.6455936272,-42.8913349994,21.3093543396
118,-76.1522277442,-38.6519879531,1.49292561881
119,-61.436798228,-38.9738626463,-5.45720220351
120,-57.8592327638,-44.6384677869,12.5349287285
121,-66.887711503,-43.1644246371,37.3586272551
122,-86.856383431,-48.9780525987,33.9764386109
123,-77.7245998664,-49.3277274024,14.3527437561
124,-80.9959212805,-48.2370108338,-0.0959104850571
125,-85.267981373,-37.0311018893,-6.38855217133
126,-79.8335024581,-32.9064003132,-2.69631801248
127,-71.6452235813,-31.1813161885,-6.12955619844
128,-75.9238283924,-30.6010784478,-15.1730171466
129,-80.5944986745,-38.5646276967,-16.1338887747
130,-75.7320979259,-43.2476905588,-4.10346666944
131,-72.1162018705,-44.1957109303,23.6036826022
132,-66.2846326527,-59.9427979685,37.0631245577
133,-69.9865163706,-57.4122907616,46.5834897763
134,-73.5092131666,-45.8005667087,18.5602159699
135,-78.9868955698,-58.5286569338,-6.94875253405
136,-73.5425635541,-61.3471930379,4.95112419904
137,-70.5607478025,-59.7798569926,28.1609060765
138,-67.5350967832,-77.4693470501,31.8945312023
139,-64.8180222973,-80.9716976369,21.2489817167
140,-70.2917895869,-53.9365525967,1.87227715337
141,-2.65752209356,-19.5506950342,64.116601522
142,-7.59986643387,-32.8153869024,83.4967033666
143,3.35259421719,-42.6831662635,75.8803289317
144,7.65134702189,-25.8155981227,66.8911594855
145,-1.34702208767,-30.0398529152,77.2220934642
146,14.8074792241,-37.3879145378,75.1402659604
147,19.4828077884,-27.7987954517,68.5422806087
148,20.0908955928,-30.2692573307,59.5511711993
149,22.4450055865,-46.0399537113,65.8354283966
150,12.3967943444,-54.911389601,82.8429542446
151,67.6581515484,21.3304198189,6.34368617174
152,68.4593727161,19.3703587369,20.532595669
153,77.647898764,21.2884361009,33.3930115305
154,68.1658365951,20.2130752505,35.0109188168
155,60.4025467528,12.2198913439,17.7657275832
156,44.9006426148,12.4446430515,31.2301842351
157,52.4158062601,20.7530256707,51.7222593629
158,65.2822221732,-11.904389501,36.1128087107
159,50.8670645037,-13.1339626152,31.1566580664
160,67.6665221924,12.8979030242,31.8730743594
161,60.3399455761,19.4012679938,39.8584206246
162,49.8919193481,17.5255630722,36.6160562912
163,44.5753134039,-5.96176993589,35.6644363797
164,60.9818982568,-6.20839670879,27.859234226
165,54.8436121318,10.338778263,36.7325265598
166,43.5200146456,3.08236023828,41.0202084478
167,36.4521078317,-2.86126380022,38.6118325412
168,33.3009153608,-12.4714043211,35.9279436817
169,38.306242109,-24.7238138994,41.5424034394
170,52.5816552215,-5.2951515459,42.2358583284
171,58.4477745314,-13.1211383236,55.9096532848
172,36.186784584,-26.7163401426,41.2601334793
173,23.1628568192,-10.0720110143,44.1692979258
174,37.8528818026,-2.39238827491,45.411089069
175,46.072000604,-4.27037214817,52.1917439714
176,51.6088696075,0.427303568538,58.3758131306
177,54.9987918161,7.05086505114,59.3995862291
178,52.4854595312,4.13569755021,46.1952564304
179,48.5176940711,-16.8046095922,47.961147871
180,59.4900179262,-23.0248364111,66.252108374
181,42.6198604587,-16.4803729485,53.1969813043
182,49.1566531157,-42.0117448611,60.5050189269
183,56.9204299865,-52.5512916073,70.0580922182
184,48.6888591695,-54.4611424648,66.8830279243
185,41.5396168509,-33.6378305498,59.3465583484
186,51.2399913393,-7.82354819429,61.2068874311
187,40.6665165369,-11.0990649173,54.8924602919
188,33.4981374166,-21.5533808964,55.6254952058
189,-7.18073103596,-2.14432039096,11.5670248473
190,-12.6100583195,16.2713582073,-4.230295832
191,-24.3188329186,-2.7356185287,-15.0614653118
192,-22.1432405701,-27.4130590675,-6.79396343948
193,-4.29582942099,-29.9032191055,6.05397907003
194,-12.2430500785,-14.8748530957,7.49861867324
195,-16.5007081269,9.93997146408,-1.65946122031
196,-26.2585918015,20.9152488133,-14.6789743164
197,-29.2505105942,22.9027314538,12.8168620096
198,-39.1032291239,28.9462711174,35.796976122
199,-37.4695886557,17.0609667462,39.9583561812
200,-24.8589402324,11.1451938824,30.1305526227
201,-18.1249365284,16.8733941105,12.0204199629
202,-22.8344540947,17.3661049071,-4.97528802801
203,-22.8091118518,7.20469361225,0.32482713595
204,-18.8390358353,3.99714035007,7.44983903905
205,-27.0560300524,22.0235642779,20.7820072665
206,-42.9028786993,38.443477994,21.6504729795
207,-44.7681262935,30.7186273404,13.9119820263
208,-38.8751048947,22.3084092561,18.3558535644
209,-27.0311591426,14.474097268,18.0897906187
210,-26.8279576511,10.2538004466,-0.290517177566
211,-29.4725464667,-2.79762365631,-7.86497233887
212,-22.3224919665,-5.36387230063,5.1894974281
213,-16.6264859357,-15.4035620457,8.70433171523
214,-28.4419984995,-6.9870032064,-1.67849641127
215,-29.3842150196,11.0113307408,12.4347029759
216,-25.8133521624,4.53192070727,20.1366784113
217,-18.1535130246,-8.79189490119,22.4981202612
218,-19.7557781209,-16.8777831519,9.80087167742
219,-26.9577021785,-10.8805715946,3.2003604199
220,-31.3647604296,2.43737829381,7.54769446049
221,-34.0198334533,12.088055424,-4.77291930092
222,-28.6710240761,2.85113045245,-10.3315008306
223,-31.5377031041,-10.7219791821,-14.0183936918
224,-44.1616436968,-2.22212891859,-16.4202478907
225,-34.9549036696,-2.06361844473,1.50369326587
226,-29.4228204829,0.839784141663,20.6248283753
227,-39.663160485,12.8005287646,9.38396019013
228,-42.7532621874,0.837069688651,-3.85528878473
229,-38.492417866,-7.2220663465,1.37172117943
230,-41.3033945682,4.89296044893,8.99533708499
231,-32.2111237312,5.34000982284,27.2960363701
232,-31.4304267746,0.492988188192,44.8138930495
233,-36.4502492274,3.85229454407,34.3346528035
234,-27.5791276144,-10.4035176763,24.4752309261
235,-30.2060169711,-12.1039391816,15.1416576077
236,-38.1971131604,-2.26401112182,13.8054419663
237,-38.9777372326,12.5022975941,27.6139108755
238,-46.1756562507,14.8031155697,16.1724474616
239,-38.4042571599,-4.28300632436,31.0628833929
240,-27.7104342499,-18.8731399971,10.4225985413
241,-27.2246505641,-33.09452556,-6.04090091258
242,-22.1987737734,-31.2539973982,2.07687988391
243,-25.0138893237,-21.9778688739,16.8425782242
244,-31.1199823974,-18.1329953353,30.553295217
245,-33.0585595781,-7.81867250044,30.2944674186
246,-42.2806460187,-6.17444656042,10.2738388108
247,-53.2664521599,10.3464990571,-0.475293375761
248,-51.5571305896,20.1890276476,14.2415798418
249,-45.193033932,21.2448825164,27.2149375369
250,-45.4506147969,20.246135553,45.0169337467
251,-42.6497631258,6.64469486139,42.3392260683
252,-48.2403796427,8.88301890263,21.2778576867
253,-56.396234967,-3.41024761083,-3.49704841148
254,-48.4956152382,-12.7108247288,-0.848707270593
255,-55.8414383866,5.86344812401,26.2841937536
256,-49.8809751746,-3.63733440495,43.6526569311
257,-48.5628108777,-7.66177679236,35.0067930247
258,-54.01612939,-4.22511175263,25.653540123
259,-42.581651906,-9.89492193092,15.6218973997
260,-33.8869927586,-21.3969080114,4.08772795131
261,-37.3976803078,-30.0817080768,-5.75535636608
262,-47.4897748802,-25.7518257686,-4.26277468211
263,-54.0545731938,-15.3099401629,-3.21803783334
264,-55.0102546768,-13.6852297063,13.0744883107
265,-43.1874911277,-18.5766949282,20.443333276
266,-39.2481620045,-22.6416374457,9.95911789097
267,-41.5996976692,-22.5347430377,2.06632461822
268,-48.7969574706,-12.8922152146,13.3169481699
269,-47.5769126548,1.23661667219,35.8211395028
270,-39.3674044698,1.40974984746,51.8976731481
271,-36.4539567272,-8.64719567512,37.1070730968
272,-35.1675867174,-19.4903086,17.9371005287
273,-26.1769297878,-25.9668975318,24.1789948865
274,-31.0252694057,-21.8684743219,36.180405776
275,-39.1070821111,-26.5625190056,32.9980636968
276,-38.6392756201,-28.2701354175,23.7946914924
277,-36.9159892235,-33.199957664,7.63223526431
278,-51.8719418391,-33.7792617035,1.53901772714
279,-46.281776076,-23.4234495335,19.8777539708
280,-59.6190169525,-15.9604435435,28.7915553895
281,-61.0388646388,-24.3490306597,18.9862661081
282,-50.8243967046,-24.5348253362,10.9007710783
283,-42.9186418989,-26.0246424631,6.70474394428
284,-42.5921248034,-33.7101009875,-3.64244201837
285,-55.6262330619,-33.5299043016,-5.4087733539
286,-55.4501371678,-24.6802710013,3.81615046621
287,-55.3320203004,-17.8985846078,17.6203449083
288,-59.6307665118,-6.68295363285,21.3448704652
289,-58.0470874684,-11.7689410372,5.18210634137
290,-63.0472834425,-28.146684273,4.87594060869
291,-61.0750563282,-9.4869555396,28.4453671771
292,-46.1016868205,-19.8379502376,42.2251120883
293,-43.5879892499,-22.607801091,33.0886442959
294,-47.0357089504,-24.5223681908,26.6722997627
295,-55.1385544851,-26.9171491744,19.7104951214
296,-51.2067278134,-42.3826529111,-0.556016413186
297,52.5396333134,-45.4657652274,-2.20225958189
298,59.0166230858,-22.0280720959,4.58769225738
299,58.6990684192,-31.8451886422,-9.87998265337
300,56.2181098402,-34.634272811,-24.9489107898
301,61.0902395592,-15.2154632557,-14.6083246096
302,53.3749878675,-24.3210346512,5.30379488388
303,51.0728046931,-37.1491728811,15.9150572654
304,53.1812915051,-28.8684733168,20.0447770215
305,60.5149425343,-16.1956958515,13.489060237
306,59.0544521683,-20.3626436567,-9.31686612564
307,62.7367332602,-33.8980593132,-21.9549663784
308,70.6859417999,-30.7435182902,-16.3184389123
309,69.7988922678,-16.1861540827,-20.2471356384
310,69.632503972,-4.49156670148,-25.0733636182
311,75.9948999503,-0.759698202748,-18.505919962
312,76.4972779487,-7.72167033828,-11.4115117394
313,66.0028580332,-22.6963817978,-4.20035970406
314,66.3698150508,-15.6365223414,13.6186978102
315,61.0594147669,-5.89615250642,13.3561026661
316,50.7632261779,-14.5603703326,12.9510368291
317,49.2273161274,-25.5619960502,3.52977586937
318,56.1366348973,-10.6360906098,-0.474583202801
319,71.7843209391,0.0830927074905,1.06463900022
320,69.1512924023,-20.8148437122,-4.30483239719
321,55.9892854335,-37.7045015544,5.03267330939
322,60.2777055383,-28.5961347363,18.1197049383
323,71.7777837654,-20.0302891083,1.99345110317
324,75.9420551862,-26.4494709985,-15.735377972
325,83.0937953591,-29.0511170278,-20.3294270252
326,89.3493449429,-31.000737708,-13.1665335738
327,75.8052561693,-14.7661881759,2.51612515257
328,74.8396514698,9.94278372323,10.7643510941
329,81.5654397384,14.8398787022,1.29243440054
330,83.6038725436,8.86063881691,-12.8007255267
331,72.2833521082,1.01138217612,-6.85093118305
332,69.8491458015,4.40705910242,12.5823393955
333,72.4264195394,-10.2609545851,21.7626011954
334,74.031527072,-14.8236628418,13.4233228933
335,77.0959534888,-12.1858148128,5.96851717995
336,78.9866145651,8.51604585088,8.87579687582
337,76.4426162764,16.7008221513,-4.46249992147
338,0.227867535096,-22.4969824469,37.3312151813
339,-14.6023661011,-27.1696957484,65.6225075511
340,-27.6927842189,-2.05779474053,67.76482024
341,-8.37712664276,-18.8425071968,71.1725565156
342,10.7403373502,-30.510365944,55.3742095554
343,2.33042265368,-29.0760850148,48.2617461114
344,-6.48557286082,-28.7017874186,60.9912532739
345,-23.0471185582,-17.7074340369,65.3668507478
346,-25.2853278069,-9.75118601096,49.7082131457
347,-21.9006063143,-3.19850744909,38.6043945592
348,-30.0736936607,6.1819082968,43.276471481
349,-31.5529231878,3.68339118891,55.0502983425
350,-24.098985781,-9.87172785845,62.0669718765
351,-2.65556913098,-23.9883778308,56.056509433
352,11.0911513674,-23.7118470146,33.4083022659
353,-10.9318109014,-5.01611508511,24.223540065
354,-13.7552226265,-11.536393157,41.9263167748
355,-16.2549916179,-11.2797480644,63.2422994152
356,-4.08141851422,-9.25577263085,69.3000496808
357,-2.06618037893,-16.476648593,53.1026790707
358,1.53203708457,-18.5675051026,33.4161897436
359,12.7120350726,-10.1135996265,40.6250138622
360,11.9146729074,-5.02166873107,54.5198262206
361,1.56660513172,-8.01634031617,60.3619876116
362,1.54001228538,-11.2009445849,41.5405646506
363,-0.0624722461081,-7.83572584316,21.8428311368
364,-16.846786244,-2.52688136102,42.8625941688
365,-27.9561085073,7.63793595438,65.0834323129
366,-38.5264906624,15.8032009728,61.2423736946
367,-32.3930910321,27.1189436863,57.2028531447
368,-13.3507485577,3.28178631585,44.2353977112
369,-24.1434380302,10.1726051833,56.1996938741
370,-6.91593915158,2.32658524788,60.1335810534
371,8.04857938885,-0.501675367212,48.5463304424
372,17.5342387485,4.42332143879,31.8045956846
373,-2.0677132741,0.469976568653,39.8717586784
374,-13.8327119364,13.3391195776,61.4468399155
375,5.06031269859,6.56771260993,55.9790565433
376,-2.4252709698,4.51642445292,34.1613616663
377,-8.11421321714,5.53253207039,47.8831221392
378,-6.30570723507,12.9185628239,60.0017580145
379,-22.0088347314,13.3139306952,53.2284994753
380,-6.33006440059,-2.53101830569,40.9593472284
381,8.46893596729,-4.73049813764,28.6396019318
382,8.23280592695,-1.94930623199,22.2175245919
383,-6.85319223484,8.14037503492,31.2489326638
384,-2.20420312906,8.53474584865,52.265649259
385,16.1865090459,10.3274591356,51.9232608711
386,31.9459663558,10.1524435835,40.3274683109
387,25.9603751368,9.47334287314,28.4281830923
388,10.2014304882,7.53899719091,37.3612095854
389,-10.9518733091,16.1704174772,32.4858380398
390,-25.1829267109,20.5744277126,35.4018145302
391,-27.7021094126,19.083565417,42.4694692219
392,-9.81509966565,14.0653227649,49.5633449126
393,7.51010716404,15.2934374004,62.7169666717
394,-9.86933642527,27.0247015301,59.3690268105
395,-4.46775742211,15.5603260722,45.2046881413
396,7.75854618739,16.6323743914,49.6598310475
397,17.3284610364,15.4383989802,52.186997531
398,25.3270738492,14.3089986956,47.8703011884
399,21.3030876401,15.0324276685,36.6749781242
400,11.2621840486,15.1098072208,35.9474062479
401,0.324812567036,17.6530723604,29.6826277543
402,5.27632824668,18.9837035551,17.2432361594
403,20.3389851617,18.1685662138,35.9827043955
404,7.38984707759,20.5369397046,61.4293175487
405,-8.38207918875,23.611097551,59.2223332442
406,-0.345203708064,20.8536050562,45.3000651634
407,5.38406237401,20.0700490421,30.4082194972
408,-1.83116278368,24.4387997378,28.1238445961
409,-11.5224659992,23.3399230293,33.6213745679
410,-0.907853074716,25.7021560228,57.1995435958
411,18.6777189818,22.1472030893,64.13914192
412,17.2257838793,24.3728479423,49.8675466605
413,-2.85119816185,24.7241019393,29.4527935669
414,15.6226207112,25.0810103714,27.4343479937
415,25.9965618364,23.5033668766,48.891781894
416,26.0446816743,25.2188440592,60.3738321431
417,19.3215690814,25.5494468546,68.6407682947
418,8.17368980319,29.4241847602,65.9758348972
419,13.0348632373,28.7910569314,55.2238464396
420,14.4368687723,27.4533620828,44.021743662
421,2.22055411989,30.0939162171,37.4160805956
422,-9.37939244629,30.051601545,43.6617016818
423,7.85953873509,33.1638734139,42.0477339078
424,3.36848403426,43.7289206952,23.4714592805
425,3.4834990937,32.9882947839,21.9311879852
426,17.5591116803,25.551005813,26.6099858352
427,26.8161558726,26.9625778061,49.4935523855
428,-61.4917190146,-61.4965247943,-34.4551589727
429,-73.7554610927,-59.5967738749,-10.4616316631
430,-63.3148992424,-52.0454208467,-3.47451431657
431,-54.2391613979,-59.7041955006,-13.7561877171
432,-57.0310822771,-75.0248996178,-19.3666056058
433,-71.1842501418,-78.2584375356,-22.0924762137
434,-69.6790165216,-57.7841547622,-18.6941711853
435,-67.0632125183,-36.1483383024,-20.6138804012
436,-62.0122148085,-36.2960022331,-30.9141290106
437,-57.8531080856,-41.4717419154,-34.7948023092
438,-62.2446904486,-53.4619413145,-22.4977986151
439,-64.4929639855,-70.1086482071,-20.389314378
440,-56.2815257879,-79.8685985233,-36.5262597295
441,-54.1692477462,-68.3257195395,-48.6553831395
442,-54.258093596,-55.8409346783,-37.190302315
443,-57.8890517836,-48.3514377274,-21.8351512758
444,-58.6485128872,-53.736021093,-16.0585369816
445,-52.6916313541,-61.7317545616,-40.9640292526
446,-52.4386221468,-42.4211145279,-60.808245701
447,-61.1449976999,-41.5896240978,-54.7342569829
448,-63.4684664903,-42.5870153573,-46.5585028769
449,-50.3715755386,-64.4335867037,-44.1394632552
450,-44.727435643,-89.1985898619,-35.9125396278
451,-43.7429447461,-88.9328125331,-19.6330066418
452,-50.2727573194,-61.1438937172,-27.4193185655
453,-61.807134139,-40.5151246686,-15.8177113361
454,-62.0098000456,-43.1453103634,-6.93048929054
455,-49.1022173923,-64.3656964631,-33.673079924
456,-50.7970935174,-40.4479127405,-24.0523484376
457,-48.1860034128,-47.473288995,3.39279108336
458,-51.2040754477,-60.986476032,-1.35840138579
459,-42.6218313024,-68.7706511311,-35.8795987014
460,-45.308819636,-55.1744447324,-51.8389800312
461,-45.8152932838,-47.3306689762,-49.0736444336
462,-36.9393696784,-57.7416796262,-27.3049247565
463,-47.8691075812,-47.6446917648,-14.7662139554
464,-46.110661068,-47.2979674225,-24.4836191233
465,-39.6066354105,-54.269371376,-26.8719792985
466,-39.3502975191,-62.8764473355,-23.1732745095
467,-43.6520096486,-68.7188852497,-11.8332677212
468,-38.3093419609,-70.8073686193,0.790082662202
469,-35.5105345385,-79.4775306115,-18.4882649468
470,-32.7101369644,-73.837535735,-36.5814757143
471,-37.3112755804,-63.0873755262,-36.2280868049
472,-44.9665298809,-53.3434949229,-36.7986614123
473,-42.7673408214,-52.3363718826,-46.2672833771
474,-37.5094812348,-57.9335544925,-54.3350991015
475,-30.5472779266,-72.5380667819,-36.054062413
476,-35.9062079783,-51.3671757462,-13.5089574532
477,-37.9975448081,-48.1420509236,-21.994172092
478,-38.2175487046,-51.3510406001,-31.2544660975
479,-29.8116780994,-52.6961498917,-37.9551199146
480,-23.4210269878,-46.2550337747,-32.3163238766
481,-25.6326967258,-45.9273541535,-21.2035729558
482,-30.2541757161,-53.7726958369,-19.1426037012
483,-30.03388339,-61.6798181197,-28.9997917558
484,-26.5878060637,-76.5723618814,-33.6779399346
485,-28.4429503887,-84.6368927864,-24.9549701545
486,-34.6507810761,-72.7984327441,-11.0958435963
487,-35.0852740397,-48.8936084646,-5.59550102414
488,-24.0997139814,-51.1439508045,-26.2335831678
489,-28.252529063,-57.335341366,-51.7854947083
490,-34.4016842172,-64.5694848837,-58.5752340716
491,-29.5923178899,-79.3826574589,-26.6537806478
492,-28.1043979222,-74.7674906043,9.43275814505
493,-21.4957958081,-75.9203680696,-17.6778571361
494,-19.0013949575,-64.2950406626,-39.7202592687
495,-18.351791047,-59.6132191978,-30.6518029583
496,-18.8026743675,-70.2369969595,-16.4286029459
497,-27.1520950317,-70.9451455574,3.97601359927
498,-36.6621735828,-54.1028084495,1.92930036502
499,-25.529887696,-45.2530005902,-6.46175174892
500,-26.8004099197,-56.1087689402,-19.3911544108
501,-19.8913948484,-53.5832299695,-36.1929499415
502,-16.3073443582,-38.7517805129,-28.2775627393
503,-16.1087894003,-54.7749651841,-17.6219753346
504,-27.0342539174,-59.081053985,-9.97379443411
505,-21.9010709055,-49.205212344,-4.69181138753
506,-13.3482317924,-44.5346732322,-5.73463178816
507,-4.86251228503,-47.7276608763,-0.348689102064
508,-4.03160952748,-55.6859253482,1.70570283989
509,-16.5099920625,-53.2485821425,-0.537557496854
510,-24.0296853149,-63.2167082057,-7.9536646639
511,-15.3825173173,-63.6050646478,-27.7095648269
512,-16.7747462705,-54.3342870715,-11.7084018616
513,-33.735283881,-59.185303657,8.16531004005
514,-30.802796958,-66.1441412257,13.7821551092
515,-18.4395229218,-63.8754353373,-5.28426109246
516,-4.52021935228,-53.2297171863,-20.0062976912
517,0.040467524849,-58.6770383293,-13.80302494
518,-8.0517599586,-59.8520983593,-26.0693503363
519,-8.10787429796,-50.9545780212,-7.61679757217
520,-2.22786868576,-76.6868363503,9.15806230683
521,9.76169662215,-79.3970862277,9.84720420128
522,-3.64682915083,-43.4313384584,-11.6693686652
523,1.30815081388,-43.4935965178,-48.8453349085
524,-0.496659607014,-47.3983065136,-15.7049622097
525,0.503040333626,-74.4968830946,5.03870069548
526,10.0300939317,-60.7805807762,-0.0504961498241
527,0.0211009548079,-40.7282017815,-10.6346813642
528,4.4332559913,-44.3785940729,-23.6989509308
529,8.08155536401,-53.4777249203,-15.7310437178
530,-0.797067546381,-55.931933778,-10.6988444883
531,-1.63519825465,-65.0252398582,-3.19506883096
532,15.9232332319,-69.040489701,-6.21912081293
533,20.3670419508,-60.0133911148,-17.0728048574
534,14.6509818077,-53.3968583916,-17.0572235826
535,8.67215708876,-49.6983689056,-9.20310803877
536,18.3599824302,-58.8295780446,-0.926276813451
537,14.5393454433,-69.8963169153,12.0180013069
538,14.6196246562,-52.7909617707,12.1657380685
539,51.1109323885,24.369685413,-23.1797108396
540,49.6707582979,36.8433983576,-25.4067119538
541,50.737759434,43.1588512888,-18.5807781385
542,57.9035648546,37.6631380489,-9.60697165704
543,56.4225849166,36.6217251317,1.46456344776
544,52.0705653352,47.6984997191,5.72602042566
545,63.7671548525,49.1669474981,-18.9087119394
546,76.6532605664,34.4590389095,-24.9647993376
547,69.7012743608,34.9929714535,-17.5958666397
548,64.2964311985,48.4209795466,-15.8441706082
549,55.5964904548,62.3878261241,-16.6949620177
550,59.1363832374,52.8842918104,-1.81154864854
551,63.4131780148,49.8112039468,13.3344175838
552,58.4251387618,60.1933389158,9.93669259449
553,59.5012314536,66.1726906233,3.82625235267
554,53.9092953718,61.2363799544,-3.34179167371
555,45.3019741038,56.8350621784,-0.283870568456
556,47.8274877636,59.8215153834,8.86234415938
557,56.0022719354,59.3612019837,14.8122805902
558,67.2705031199,53.5074430979,16.1565494168
559,66.4548265572,49.6859384812,4.58145703324
560,80.0137815823,31.5672919741,5.33494678315
561,58.4170982991,23.2931167696,0.0978925277284
562,50.5283358794,22.2230122693,9.70561802875
563,58.2969596024,36.4889285411,17.8464868463
564,53.0809048575,50.3339975954,23.4133382392
565,46.7933515805,45.3184294135,18.6835714234
566,49.1649054498,27.0855956531,6.79696992166
567,48.3113530691,16.8520998601,-13.3774270685
568,40.6865117043,40.6032322986,13.283912098
569,42.2282113564,58.6350520385,44.5530097435
570,47.2866363427,63.4280322368,37.6391873493
571,47.4715153582,56.5632797211,27.4256800819
572,42.2351091219,38.2562655835,16.889020932
573,54.5237778849,32.8629743558,6.1370964009
574,78.2324558845,35.6708876857,6.36252218661
575,75.9506018071,31.4180652833,-3.95059349051
576,64.4066458105,43.0253576298,-0.634313050325
577,54.9577921463,50.8171010324,9.31103466384
578,55.0177002998,58.7345072405,19.4769850998
579,65.7983141658,52.4845506531,20.9720534362
580,61.8256999504,40.8744012041,16.0904187578
581,50.491582695,34.7906681261,-2.69427805661
582,49.3978615294,32.9635250103,-18.0914410882
583,49.4664362641,43.337239,-13.0261995126
584,48.2439671783,51.9510932206,11.111311085
585,40.9603605804,63.1297139682,37.9673742211
586,35.0227633108,43.7157828506,14.8546090724
587,36.4985381405,23.2682199464,-1.96669320264
588,25.7998679395,38.438209384,18.4534918967
589,38.4320388012,64.8201782099,35.6441515626
590,40.3895679527,61.6932494516,17.1392320666
591,39.2365602528,50.8982104391,5.7326781229
592,35.3450985593,36.0743836396,2.22144030465
593,24.6400204746,35.3247996302,5.34908051385
594,24.9041379787,44.6465333379,3.49763107134
595,34.1197791306,41.7937812955,-4.27287361972
596,45.8233076882,55.8608413488,-6.0815773747
597,49.8829672134,68.2658930602,19.1805728573
598,58.9748053753,67.8596500065,17.9389062869
599,59.6778721424,72.1733303324,7.93740303162
600,57.3219815057,79.2616583444,1.40165086499
601,53.1278907946,85.7533260675,7.94132591928
602,56.0951199044,82.4420282395,16.8912644336
603,50.6334412631,74.9019886386,21.1978708974
604,47.5165511301,69.794049387,10.4834632904
605,39.9754458465,61.1929005176,0.815783097062
606,31.5723625133,56.1189338861,8.67553335504
607,38.1133568287,65.1429583023,21.1147432549
608,46.6591912329,76.5522042557,16.3847758695
609,50.5054265664,78.0250625893,6.40849642087
610,38.0567879023,75.428599872,7.31621046646
611,31.0846426516,69.4995051458,20.9520945857
612,35.6075523845,50.5628178378,16.4968983916
613,36.7608904829,45.6069100639,-2.44628630649
614,36.5938212559,54.5877580586,-5.65923040263
615,26.853641746,63.2515378264,12.3478554984
616,27.2728795772,78.0426255157,11.6294699215
617,40.5957990486,81.0893552594,7.62611551353
618,-17.9129159237,33.3601701346,-55.4968428585
619,-28.1676808296,24.9726484814,-45.4334624225
620,-28.1204348193,17.6477278838,-59.7355064947
621,-22.9248204804,23.2267607127,-67.1518119388
622,-23.644497571,30.8861580574,-57.4810804399
623,-22.2195409188,16.0534001204,-51.7072135589
624,-20.6331069115,5.25938460244,-45.4372888537
625,-20.3164595189,12.3036154112,-37.4286067713
626,-17.7869960624,23.9209597784,-32.9312252899
627,-13.2797382905,24.6127369895,-25.3132510481
628,-15.7544215383,19.088674523,-20.1029609249
629,-20.7640674164,13.5663613557,-18.6941919087
630,-39.3008600227,22.020483341,-28.8602186534
631,-50.8689507808,25.6923226571,-15.9251959244
632,-39.7287778387,16.4189852684,-20.3258567593
633,-30.244699298,14.6834719632,-28.0272753962
634,-24.7546313908,11.2164178801,-17.0359521826
635,-16.8567221799,16.4041520009,-9.66287163295
636,-17.802823782,22.3489079782,-18.1859747747
637,-21.4935462167,28.7950370116,-24.9088432199
638,-30.2389763241,28.5662966739,-23.0912000319
639,-33.8306352596,31.0648133989,-13.0120272348
640,-26.3520196389,37.0221214055,-11.6479197237
641,-22.2133283336,42.4617556442,-14.8450805443
642,-21.3338464563,36.7705643211,-21.3170824477
643,-29.0978633634,30.4161868494,-29.4962782137
644,-33.2945212685,34.0529939025,-41.0541263277
645,-40.0733710654,42.0438759954,-30.6248822538
646,-46.0649449989,28.5780672277,-23.6296241087
647,-32.0381685963,23.6914789474,-32.2377573182
648,-25.7596105307,25.2173966444,-16.4481732466
649,-32.2740502025,22.3558669914,3.64785513746
650,-41.3132629522,22.071239377,-15.068657561
651,-39.3137128071,31.9168015861,-27.1806356802
652,-27.2272552787,42.0782285527,-19.1320373706
653,64.6509009936,-6.82057852757,29.0019098998
654,60.7851794919,8.69440378316,11.983964242
655,46.5261019664,5.72688971557,23.5599540254
656,33.363459011,13.5031396503,32.7111597256
657,27.4609177939,10.3245902278,23.3303160177
658,45.287878092,-8.14360357419,17.6847151559
659,32.3880169929,-23.6839709913,20.7763252252
660,36.490777976,-8.65261952799,28.283953851
661,39.6109654703,5.47097549746,34.1756676545
662,30.1625197791,4.23991220824,37.0852392528
663,25.8964384068,-2.80399128987,33.5169715255
664,27.7899003185,-7.66037065241,26.5242347565
665,30.271209754,-15.8893506002,21.6159110424
666,40.9150063087,-19.2299750944,18.6270017586
667,46.9921221753,-11.6735637873,22.9127672611
668,45.7651116885,-3.23086315381,19.3506635365
669,39.5877397492,-13.1287035533,7.58073041982
670,42.1003932617,-28.7971179822,8.20769771582
671,41.7448918712,-26.5354699617,22.1854912281
672,30.3493400011,-12.5466106314,33.4696237731
673,19.7554922109,-4.96797431385,44.8530482997
674,15.6296470775,-13.3659742253,43.9853837936
675,22.7678181608,-21.6698944573,32.5970352157
676,40.5237658377,-36.9479084307,31.3414780158
677,22.0304079833,-29.0352211916,37.7826337698
678,18.2157329213,-12.6195719773,32.7031808461
679,28.2652793753,-2.26044400109,26.810686404
680,34.9679038415,-28.8534814985,18.2166808558
681,-4.47481398061,-72.420019284,11.1621206118
682,6.24626449064,-82.7186511461,20.1621301627
683,10.6694906254,-75.4629075793,25.5211835434
684,9.86635840862,-74.3731630463,34.1681960089
685,1.66412254845,-85.2070352799,30.3043654121
686,-7.14600361135,-87.3133624862,18.6007859493
687,-12.0199537154,-82.8242479532,13.690989855
688,-13.5668845937,-76.3099503643,10.6892380729
689,-15.1997521978,-68.1584905452,5.97096326981
690,-12.121041656,-58.4285274722,6.55302554074
691,-6.93996578299,-55.6661001125,11.2222974043
692,-2.2271132815,-69.4899073518,16.3648358103
693,-1.37393041345,-81.4833490437,26.6805314785
694,0.561962795574,-79.0065688569,36.9168776218
695,6.27871304892,-60.7859200392,27.0729730326
696,4.51316526007,-45.2630131303,10.8691539419
697,-4.38913324827,-45.4413751572,17.2942573733
698,-3.11534252399,-58.8625220339,32.0565198314
699,-3.05337323009,-75.7953790336,41.3418006361
700,-3.45195882756,-77.7975237788,30.9903553145
701,0.185539049821,-62.9873437891,15.8260477843
702,-15.0439543118,-58.5126568254,8.09902010497
703,-15.9886495867,-81.5539143893,15.5573486981
704,-10.1040461383,-89.0301767839,24.9316625955
705,-11.3242734311,-87.2172252266,32.4917193532
706,-18.3160984326,-69.9827072216,18.3507882852
707,-22.3503548985,-52.912993909,2.80999661327
708,-28.6000648051,-45.9162344368,3.09389257767
709,-39.0068539666,-51.0559940618,5.34847693795
710,-35.2854571559,-59.6975265546,13.1783754995
711,-22.6765713208,-64.1759970543,19.6207479632
712,-12.2458638499,-73.9639282483,23.8897604596
713,-10.6770934764,-81.7932901926,39.2258045766
714,-15.5313331945,-77.2843178456,54.1076994458
715,-20.0105078024,-70.636396148,56.2629494986
716,-11.9500389879,-69.5259515588,35.3369785153
717,7.36657805396,-64.0892492161,17.647590509
718,-1.82126212785,-57.3372782713,22.352089248
719,-7.34086740552,-71.6104454424,39.7381112315
720,-15.0892984643,-67.4723944092,46.2909736221
721,-22.8508443779,-68.3024774526,32.8890534626
722,-37.7135360388,-70.2049692805,16.1700446811
723,-36.7188158488,-47.7302931372,8.53126385767
724,-18.4509723433,-42.273114625,7.67435282658
725,-15.7666509687,-55.6421023511,24.6876064908
726,-39.4428365752,-59.438489986,22.4498471765
727,-31.2461484267,-55.0065793824,14.9340943431
728,-19.2549550261,-54.3825110202,14.4226040338
729,-17.6924854796,-54.80697056,40.8768028894
730,-17.442789088,-55.7043126682,66.6094697524
731,-26.4997251319,-57.7547374209,63.1954607541
732,-22.134520381,-54.7477372866,42.6398601939
733,-14.4672203662,-50.1243566106,21.4225018966
734,-22.343048465,-42.8461769492,11.4374368243
735,-34.3787862028,-43.9305365022,11.2947653049
736,-28.6501199931,-56.5968720222,23.2777553953
737,-31.5287318589,-59.5041186858,39.0605892665
738,-40.3337935753,-56.6277610118,38.5526347158
739,-44.0547395688,-51.5998790344,30.0952176606
740,-18.6819262658,-36.5895056334,24.916466271
741,2.66622680574,-25.3378464051,15.947850115
742,-7.26087045377,-31.9139561918,10.3402576071
743,-18.8922728074,-39.244187973,14.7751988979
744,-22.1600644616,-49.2713668708,24.148948398
745,-26.7992164669,-55.2097651493,31.8271248924
746,-38.9749836359,-53.5736176388,27.4164159363
747,-27.6010305775,-36.3937449256,23.6509271762
748,-12.5092075455,-23.4487151987,24.5752167289
749,-9.51322163508,-24.5061843934,16.1316115454
750,-23.3047171623,-33.1893848311,10.6505424816
751,-33.8825180823,-56.6046815357,31.0357145491
752,-34.2503065859,-48.993152044,52.3978957902
753,-46.8817688347,-60.7572538607,42.10176811
754,-49.9427429995,-62.3305489711,22.4629025921
755,-50.2779320266,-53.8730337926,27.1734858864
756,-33.6317221476,-43.1074406656,52.0948468415
757,-29.9403441249,-28.0034805828,49.8975924934
758,-43.2716275998,-51.1241808214,44.8530096259
759,-53.9004536239,-62.7744034537,30.1027713128
760,-54.4353691855,-59.8176302441,18.6550724103
761,-55.2040302622,-46.7898354375,20.3625370757
762,-40.2017581578,-45.1207500488,30.2628496257
763,-25.3212438243,-36.2199316007,37.6584997635
764,-34.1047018736,-23.5269716822,47.0643431514
765,-30.1844339326,-10.9096185865,44.3807431679
766,-21.8809543639,-18.5824615358,34.9059747922
767,-27.6076100471,-36.5335468629,32.5808604924
768,-47.831427987,-48.3979620662,39.6302310395
769,-56.8495137404,-41.1618951788,29.3701596804
770,-38.6742601264,-38.2614398563,35.6274811776
771,-38.5403700174,-52.5981206728,55.3725281176
772,-44.5574755964,-40.2744191875,58.54689443
773,-39.1869929891,-13.6439918215,55.75759392
774,-46.7842015765,-30.8107062503,46.8597421494
775,-51.4853277149,-36.6752948904,22.8459633936
776,-43.3990704487,-37.8032689856,12.6722695718
777,-35.5549254743,-35.8391057364,18.3198266726
778,-48.4594042507,-37.0898213235,46.1663785925
779,-47.174857547,-11.8483964107,60.6751597497
780,-35.249463371,-25.1080203008,39.1938302268
781,75.8407133707,-44.7369816029,-61.6809325914
782,82.6537227725,-22.4574232552,-66.5198162026
783,79.9653325639,-24.9447297949,-56.38862384
784,67.3392973204,-44.7498934573,-55.3976079902
785,58.2883004789,-41.8186342962,-70.7108580018
786,68.8410059119,-35.590285116,-66.8232250921
787,63.3729977197,-47.4185095151,-55.9713711301
788,46.5131984992,-48.851450692,-50.0630185153
789,46.1706046202,-48.3475014771,-62.6472459234
790,63.0093074962,-36.0430356382,-63.6705241293
791,76.5826936683,-21.6482107602,-69.7261540274
792,73.7735758041,-11.1521908219,-67.5572699233
793,56.5078836107,-25.2529802147,-70.783409736
794,43.3469919668,-43.8031745575,-66.3584732894
795,56.0646348609,-42.8514550266,-57.7290646324
796,67.0819565755,-41.6805380776,-47.4354027842
797,70.4464010181,-41.3921746499,-32.7819658044
798,60.4443196943,-33.7110472598,-41.4046289574
799,60.5951640176,-30.7404544861,-63.0264611484
800,45.8922155417,-39.2882836377,-69.7820863265
801,43.9496126647,-53.0344959715,-59.5983789868
802,39.6503054242,-48.5286280261,-50.671464878
803,32.9910246876,-42.8681130836,-60.5065757484
804,42.6654515814,-19.9954269704,-76.6602904621
805,31.3564072794,-11.7497432527,-80.2556417958
806,40.4051547202,-24.335064114,-73.1376396676
807,55.1510677038,-40.4905912048,-52.385767242
808,62.4224884405,-42.9657286362,-27.5053409631
809,49.8171481192,-42.5467254978,-33.3663304311
810,46.2501396566,-36.4422783127,-56.5667201574
811,50.9679820048,-23.1867180119,-69.1956577365
812,55.1114550013,-20.2139964244,-60.9323778978
813,49.2246367156,-27.7123210754,-51.2565719723
814,35.7076543242,-43.6890344669,-45.8215941505
815,39.928955793,-17.4837950196,-71.1190812977
816,32.2130326524,-26.4042316174,-72.0442526308
817,46.0392049017,-16.2026689285,-61.9706219775
818,56.9229681467,-14.2225078485,-54.5800022609
819,55.6543772167,-29.9569263687,-43.7896015404
820,45.1195311319,-38.4963413292,-28.1695885182
821,36.175544976,-40.7750116898,-26.2008565671
822,34.9933110235,-35.3180825274,-42.4539939426
823,33.4924826169,-22.9360124066,-59.3302218252
824,25.6526032947,-28.7107852492,-57.7116868017
825,19.9351741899,-42.9280888949,-54.5999387047
826,15.3919686777,-50.0523778448,-66.0222141906
827,21.3346771312,-42.2958448083,-69.5400232344
828,26.3708646121,-39.0152862802,-55.9551906079
829,36.3565980685,-40.5749622061,-42.3931739301
830,41.4285798139,-34.8898106249,-48.1688593014
831,38.569198516,-27.1626083396,-57.8314142796
832,25.4101431401,-29.0202672491,-70.1450869161
833,18.3115490098,-38.5688104331,-63.4196825812
834,21.6089124582,-31.3198532683,-51.5523232355
835,28.076758942,-22.2854345567,-55.9617713316
836,23.9465615275,-18.4703832629,-76.7127508593
837,39.2453164056,3.01790709805,-84.8771962934
838,49.698267137,1.92621356128,-63.156387964
839,41.3534828551,-0.734685581185,-72.5885900945
840,39.1824377094,7.64416537195,-80.5380010836
841,46.6395961703,13.4221764425,-75.2055932118
842,52.6271799112,11.1870880392,-65.9448996818
843,41.7969327004,3.27445756167,-66.0590363033
844,32.6273003589,5.07763857138,-80.9629512028
845,25.4820211691,1.95825256366,-90.2267485529
846,24.8190910727,-5.42768696423,-82.7958149827
847,22.5501921766,-18.5235467176,-61.7307249447
848,23.7612287688,-37.2868010461,-39.6829628864
849,36.0081002383,-29.8217272607,-42.3761734884
850,40.6521204249,-16.4275776236,-59.5076394881
851,35.7954257932,-9.33181860125,-73.9720691184
852,24.2890787842,-9.46334174417,-67.9234521295
853,18.4161505216,-25.0364436653,-56.056038633
854,11.9985819165,-41.1101089329,-54.6731641576
855,13.1534408851,-29.3343802523,-69.4357571213
856,19.4077400947,-10.0094223323,-83.2986983276
857,22.7532438443,3.6654190622,-82.0298047585
858,17.8580749954,2.33805265027,-75.7165963742
859,13.3825800694,-8.59019762941,-77.4061373739
860,11.6604624242,-22.5043113145,-73.3828821973
861,18.1134390711,0.104097374995,-67.3877909806
862,36.4133146453,17.5018019998,-88.4413206041
863,45.4333707223,24.6513280197,-84.6788799302
864,45.6928536847,24.628697282,-74.2764734856
865,34.8349572079,13.9964431974,-74.7754076888
866,30.106753784,2.57261343856,-73.9840793989
867,23.7011238181,-6.21541832851,-64.4440278332
868,23.5983652484,-0.681615833984,-52.1250610307
869,22.3999359146,7.78787159279,-55.9264586716
870,13.4020906398,3.69493476412,-65.4539117867
871,6.11241822174,-16.4554613567,-61.8227525473
872,16.2634333901,-4.37443500923,-47.4022874015
873,21.0689002995,21.2139579701,-48.5553260449
874,25.5599839473,26.2532119992,-54.7596343379
875,25.0454745859,-1.85892842286,-60.6287478593
876,9.57452916784,-32.693381496,-47.5984886832
877,5.51629559419,-12.1018167319,-68.3452202574
878,16.685719814,13.4222822733,-66.3571754927
879,12.8757630861,-5.49412060866,-54.2598149978
880,-6.32441653223,-4.8557408525,-64.2514600056
881,1.04245433963,-2.32500507694,-79.9309702664
882,9.93618678205,11.3849289655,-77.1174467991
883,7.08868676719,12.8882150368,-59.6967496937
884,17.4876313925,12.138724219,-51.8226805119
885,26.0630731861,12.5345982939,-60.8743817672
886,23.2101476154,23.3956877033,-67.5239302121
887,0.351640539375,14.5011457754,-67.1012384071
888,-9.65167599406,-5.94148359193,-71.0365053149
889,29.2995324688,77.8654534357,-51.1622452278
890,24.937362784,66.1201202253,-67.1172073591
891,30.6092554538,56.6122573766,-69.1118951331
892,38.9380917027,61.7950018049,-75.8209142316
893,36.8938247551,71.9226962587,-72.3233719602
894,30.1804601495,69.03290091,-64.1934332635
895,19.5921948959,57.9287175493,-63.6221060229
896,11.654987715,61.0253237321,-54.462993947
897,15.8748918238,67.8491493785,-50.4641253949
898,30.9000787477,75.7037199964,-53.1303403287
899,49.4237560124,80.6206772751,-65.6370418429
900,63.640863117,81.3318032161,-66.5204328411
901,49.2224960564,73.6592679895,-52.3566328228
902,33.4088102064,50.6547983606,-63.0568580282
903,46.3749181373,35.9064704914,-61.019051424
904,46.3604779516,43.7165616722,-55.1728345595
905,44.6851316197,54.4352294175,-54.8964021722
906,48.3927164689,66.2754239736,-56.6550723571
907,57.0257748096,68.057413824,-63.0769191505
908,49.8437480718,64.0506909998,-68.8839784028
909,39.9079365544,63.0460931511,-66.4511888897
910,28.1484402076,77.064645823,-56.8297670437
911,13.5116197151,79.7702599035,-66.4376708291
912,21.1960033875,82.4294152124,-71.9778829982
913,41.3953886392,73.0247331887,-68.564561154
914,64.4652577791,66.8903868121,-76.8217705668
915,63.0744204458,50.1495959043,-74.0183239525
916,44.4144554628,46.669717668,-77.755412265
917,36.5396943831,54.9590032737,-72.1351356531
918,40.5657230079,56.106584586,-63.4543250444
919,47.6773127508,47.3470706434,-61.3438735478
920,52.5853274411,44.2365956148,-52.7116124679
921,54.1216880645,51.5825213568,-47.0011801353
922,48.6169097663,60.3507411732,-54.4690760747
923,57.5813401532,64.0030716508,-61.5777131305
924,63.000230136,65.6545602513,-66.5758529532
925,69.4709671749,65.1579559075,-70.438058152
926,66.6798233827,52.4907401401,-69.9389622936
927,48.9944216858,52.101235665,-68.2546564087
928,40.1184754702,41.8848908406,-71.1471973798
929,44.5732565785,32.0217882911,-69.8035762995
930,53.4454608172,50.0233122766,-54.1101103191
931,58.6519311801,74.8079848506,-62.4628684723
932,64.552082868,62.1668798432,-63.6736511857
933,49.2063367431,57.9196882626,-63.1222130085
934,49.6862530518,48.7978036359,-65.1991042482
935,53.235809766,41.845603891,-64.3069099934
936,64.8836955538,48.4795164052,-59.189955793
937,78.138275997,48.4438734198,-55.5671420609
938,66.0367850304,31.604109807,-73.6725882426
939,49.6182130535,21.6157365747,-70.7928394269
940,60.1079893962,26.4516512859,-67.549926431
941,56.2962314824,40.7849184501,-80.0949399172
942,38.1680737713,55.4807230892,46.8703694081
943,36.8086148458,75.4066419245,36.6320075411
944,50.4373166405,61.7065899766,34.0071235572
945,35.8653118936,70.0120685228,49.0411829763
946,42.6351838046,80.4139645998,30.0857833864
947,47.6680484209,74.3601524281,33.7857982986
948,48.5824837663,68.2759617089,40.7803589992
949,37.7673855335,74.7087962546,54.6733327791
950,32.1788008359,85.3783668253,39.3972506723
951,40.4662594408,82.910935001,37.0665868304
952,54.9712225211,64.7821004894,38.8442458009
953,67.1797861748,42.0861993076,32.8236669903
954,53.5351078795,61.5445459909,54.2198145674
955,41.3991664021,79.0033361628,75.0440774127
956,49.5528985592,83.6349500001,49.2088878283
957,33.5252687864,89.8196819832,21.9386383296
958,47.0111169096,83.9586912433,18.282573408
959,57.1419286523,66.730085392,41.5625798828
960,62.5687651993,71.8263747227,7.79483976881
961,63.8755212142,77.8697096902,30.6310336025
962,59.3561605888,67.6491686465,53.618853293
963,56.1741569504,61.8507521781,63.5077283863
964,50.5330160011,71.3591729623,62.4227306505
965,58.0600617623,78.424684158,55.5716469695
966,58.8573469253,74.4790715127,36.5596841824
967,60.9033780833,86.3914354859,22.5471558322
968,58.7823156348,95.0893122898,28.4571491113
969,60.4271999529,91.3186249289,38.836217943
970,58.8206109736,82.6530662328,46.4672100464
971,57.0426185376,83.7180237677,56.8693084219
972,16.1198216514,-80.6295322301,24.7374057027
973,10.1730705687,-82.4917737979,58.0231715308
974,2.78038020805,-73.5688493446,75.2230317499
975,20.4462492444,-67.9669414774,61.5918353162
976,27.7508931037,-69.6767954956,39.7606495726
977,25.1559134115,-79.5566703456,38.2120691174
978,10.454446216,-79.1305128203,47.367691393
979,1.9829021832,-89.9884019844,42.0195819902
980,19.0338208363,-81.192843964,29.604110545
981,29.7065755909,-78.4754360138,16.9536616339
982,25.4412740709,-87.1923744288,17.7154353881
983,25.6056426347,-76.4743993691,30.2273007555
984,21.6154747024,-61.5254939939,45.4445599036
985,15.3660403429,-72.3151675492,62.4871040298
986,15.117085187,-74.6047471183,47.93630361
987,28.4607686904,-64.4292169438,27.9350693609
988,28.5529286422,-49.8451497239,25.2559362796
989,20.1400170667,-58.5451243937,31.1177456335
990,12.7949107123,-81.0721513386,32.8475485675
991,11.0498661803,-62.8974861555,46.3716318858
992,32.9179834579,-47.6136007982,38.4860545276
993,35.9566649544,-45.396382393,23.3115975912
994,27.5716821164,-47.4879680793,16.8137877663
995,18.7999772413,-46.3232476148,23.8453375845
996,11.2004141484,-72.3454142608,33.0778181963
997,-7.02164564784,-81.8648193245,44.9689729891
998,-14.7434272942,-68.7750851822,59.6805161726
999,-3.26805659774,-67.4890744484,65.3979127366
1000,8.97875426872,-72.5146808253,61.5223732538
1001,17.3383150864,-63.2434923236,69.5106670218
1002,3.70095751199,-66.8466489271,69.6232641919
1003,2.08824243574,-63.5333321896,44.1547168817
1004,14.3920270121,-55.6697231623,21.3815669473
1005,-1.46659614302,-56.4448138816,42.6521923755
1006,-15.8426179445,-59.8406811897,73.7028220029
1007,7.74379499697,-61.4672292617,62.1726633939
1008,31.2480420156,-61.1854972064,61.2110586087
1009,32.6377213975,-58.1059768165,72.7560169084
1010,20.1197594735,-50.4444719969,55.383029977
1011,28.8382568043,-43.0406723528,27.932884928
1012,36.5460598416,-39.1114046305,11.4898121342
1013,19.4183461525,-38.5679362827,17.2788174835
1014,3.21524452979,-47.8026751952,39.1654533074
1015,0.639288816056,-57.3442573945,56.5379336069
1016,8.77509353493,-60.0238398319,62.9245241705
1017,15.4001419692,-56.096035775,53.5308604406
1018,3.84151597002,-48.6883030179,31.0793724064
1019,-7.50179201934,-36.2195987306,15.0188254692
1020,-7.49733957692,-40.7897251463,26.99823522
1021,4.28241529726,-45.0933028642,46.3184069827
1022,0.177370644543,-54.4796964785,62.8664644833
1023,-12.318529373,-61.1909020647,59.372735011
1024,-13.5438078952,-57.1069606062,45.2340207062
1025,-18.0782483,-42.457028234,48.2854213966
1026,-14.5368040437,-39.5438385104,66.4241126119
1027,-5.42878382289,-52.2908841567,63.4774449499
1028,-7.11340786931,-57.2481774658,50.1759368981
1029,-4.22877127225,-44.5764223226,41.0150065361
1030,11.1938057177,-38.6047725269,33.7411048667
1031,31.6857761053,-45.7633177777,39.6702330956
1032,40.2380029036,-52.5011285798,50.4516071659
1033,33.1108348901,-50.0189994975,57.2784442748
1034,19.3527732319,-45.2135976925,54.5257014899
1035,1.7390158072,-39.1709941268,48.6843104282
1036,-10.4597487856,-37.8600765567,42.6131144729
1037,5.26121824459,-35.0244098909,22.7312298711
1038,20.9730385619,-38.2794425211,36.3272583965
1039,4.06920590467,-41.4343319619,51.229724136
1040,-10.390034802,-51.4283414474,45.2533963991
1041,-11.7928926659,-53.434160598,56.3015657902
1042,-7.10852921692,-46.3361491353,63.2447435631
1043,-14.9331036991,-33.2761770617,56.927209893
1044,-27.3046132013,-27.3885617897,70.6523722081
1045,-13.8795822382,-35.0863217624,83.8976026283
1046,-10.777841849,-40.3069987419,76.8685174478
1047,0.0267980445828,-49.4954812795,75.8959742186
1048,-6.16733202473,-37.7620457834,42.8335828777
1049,15.3570364413,-29.0650068077,17.8768341324
1050,23.56754124,-33.0148148217,31.2087597049
1051,11.4297641347,-33.5389033143,39.4396241552
1052,-1.57221680403,-32.7526416389,42.8094494062
1053,-12.4522463722,-30.5035578767,42.1750558164
1054,-21.4595482042,-36.1900739813,44.5867798293
1055,-22.0645083038,-40.4978261074,35.9517145058
1056,-16.4350024927,-25.3677653821,34.6610627709
1057,-15.0090644096,-12.8240435076,25.5674733443
1058,-9.31670488757,-22.6908503758,36.5410041524
1059,2.2626039477,-41.8126602924,62.9293536555
1060,-57.247720972,0.683237055143,53.8028650628
1061,-25.4578760742,66.7239557775,53.8881638525
1062,-40.391249095,78.7285335208,56.1704138297
1063,-39.9821847678,89.077176283,64.147839087
1064,-30.4979537307,87.9586387111,59.2108279585
1065,-35.3755627716,77.984358611,51.90745407
1066,-40.5630399361,70.3886322008,36.7205273097
1067,-13.8303454291,52.9264428506,47.2006971865
1068,1.4166533128,38.4629043513,35.7072078826
1069,-17.9393821728,54.4377520004,33.340340016
1070,-37.0531287436,70.4985078586,34.0195988757
1071,-40.5018056754,62.5346639736,29.0162915989
1072,-25.2938976511,53.783896015,30.5159746437
1073,-12.8138572056,48.4198781679,46.0698811433
1074,-9.43381980241,49.8433655072,60.7570270644
1075,-22.4906288231,63.549173546,64.3519378403
1076,-30.2777731645,61.4257327783,50.3754816969
1077,-23.8466836336,52.3157103838,52.7150736095
1078,-32.5903901959,63.475872867,55.6891973719
1079,-34.272000231,55.0849906355,32.5889943171
1080,-21.7331482153,49.4242305896,36.8204846705
1081,-15.3162510751,38.693363383,36.2064228922
1082,-10.2685099722,35.2941520152,26.444543949
1083,-2.90331478359,32.0893440285,19.1964269886
1084,2.76950656979,32.7470228058,30.6596446628
1085,-3.43373360263,37.5370488769,44.3935318474
1086,-18.1827126218,44.2205810512,43.2495615954
1087,-46.4022622687,54.2508836402,41.0981944558
1088,-33.7425676824,42.1278337547,44.5460937436
1089,-10.0864342817,41.8861451188,60.8047131922
1090,-1.16713027731,37.0314519982,57.9332679835
1091,-14.7259004088,39.1474124878,45.5276277627
1092,-29.9629944585,51.0641959224,44.7381387908
1093,-35.7560475461,50.4372009849,40.1670185066
1094,-32.9040280462,43.9674547304,34.5474860382
1095,-22.0349971487,36.700057243,43.1115690608
1096,-18.0789757472,38.13036346,57.8916823616
1097,-18.3981823959,28.0470766901,56.2624924932
1098,-23.9516604335,22.9561560455,50.8407203603
1099,-29.0922037924,32.9390470011,39.0697966973
1100,-47.443785167,42.4861204232,34.4537845448
1101,-57.404201163,35.8687069956,27.998984644
1102,-50.9024994122,37.9309767754,18.3344305133
1103,-39.1471907732,47.7515139514,22.636543065
1104,70.9746954978,39.9295947507,-50.2940210181
1105,85.9440600945,32.6005639614,-72.9600352375
1106,91.7068495926,43.7832833687,-61.7554470287
1107,80.9248931589,48.2786176311,-48.6758628413
1108,72.842206668,46.7400712646,-54.8252842577
1109,63.5013071428,37.9710707767,-56.8829452508
1110,60.2254231357,41.9544057605,-44.155353101
1111,72.8293458962,57.4949608943,-47.0917071381
1112,77.666933007,47.8603826107,-46.2049789087
1113,71.1688936739,62.6692275995,-62.0056620262
1114,89.9056115537,65.6784024678,-62.8648795035
1115,73.8428234575,59.666448575,-52.4780912468
1116,53.5265200236,65.4142175863,-38.6716463639
1117,68.5934286977,60.310138936,-42.0554159318
1118,84.4729759916,72.2347889094,-63.8208130543
1119,88.1396843281,67.3494491956,-76.0356097594
1120,82.650530445,57.7488473484,-73.6179356529
1121,87.3721039243,52.9636697058,-63.376911885
1122,95.4485555718,54.4563038835,-56.3963685911
1123,100.917261461,58.8744552465,-62.6759333748
1124,96.5457270993,68.9680322881,-63.9932688878
1125,73.5359542476,72.3913810152,-51.9539513637
1126,57.5880822608,61.30908152,-31.9258630843
1127,65.8653243426,44.7089543012,-27.575414118
1128,66.3571160118,60.534904478,-34.0390464533
1129,55.257605229,74.6663113199,-34.4236181095
1130,60.4266949966,76.818724363,-44.3321344979
1131,72.1222170004,71.5901135884,-40.0686978907
1132,76.4686617126,61.0312090101,-30.0427140528
1133,77.9577558292,49.8001783057,-25.9576512253
1134,82.2933295734,47.2077120054,-33.6678752181
1135,71.7937413328,71.8424856309,-42.3434276796
1136,73.9418380501,77.9805683438,-61.7173652397
1137,75.6550748978,71.5841180439,-62.792952891
1138,62.9581948641,67.1107001389,-54.0362421925
1139,58.0917476211,86.8567704679,-50.2679633533
1140,67.788977741,81.4916484052,-38.5486247484
1141,65.7514624933,68.961779383,-26.7947345816
1142,51.3989415073,68.3930491029,-27.9025234547
1143,45.870815734,80.031587512,-39.8268165145
1144,57.2645062459,93.1946551839,-34.3364423811
1145,58.8104489386,83.6644473534,-28.1547993427
1146,54.2595713498,77.9781751704,-28.811730452
1147,47.5725722499,75.6116505209,-32.9538680417
1148,49.7147919271,77.8235128126,-41.8448882457
1149,52.7652588896,86.4021164095,-44.1514240243
1150,60.6470611669,83.4806324504,-32.4280086872
1151,67.4315460929,72.0383692879,-23.8804399654
1152,75.2860434984,74.6084933131,-27.6279612504
1153,67.3669356491,86.5301540138,-37.573500707
1154,43.7394071106,87.6776002994,-23.7136832414
1155,25.732258146,81.4637110461,-46.3780675197
1156,37.035032259,72.8242868652,-43.7499885545
1157,48.3148872379,57.3712376773,-40.8893207987
1158,49.7839064753,48.5358966535,-49.318823415
1159,32.550655069,60.0653290051,-51.7579839228
1160,31.1950135669,76.9861937588,-39.6289529553
1161,49.4830375615,67.7270829511,-24.712758493
1162,44.8558876422,50.6526000434,-37.1207040096
1163,35.7964663883,61.5965856276,-38.9563282538
1164,46.7964590328,74.5368084766,-20.5335399313
1165,40.5595790872,83.9159293507,-30.3344927896
1166,33.1220416381,77.2157656593,-9.91547049256
1167,40.918286208,71.4152648116,8.24579070678
1168,48.5384192073,73.0236603373,-3.96703235904
1169,44.9687858772,72.3552439361,-22.6026260068
1170,44.5750680385,61.8350120344,-36.1877792725
1171,39.9338718214,54.9985779663,-45.592583045
1172,21.2604617606,66.116307101,-45.5787099549
1173,7.69002907425,84.4992229241,-42.6932599305
1174,13.7762413561,90.6844895426,-44.3204843758
1175,22.4564814392,86.7351563227,-42.7339139931
1176,34.4311191151,66.3827704735,-28.3071136022
1177,41.7325436575,40.5859350831,-19.9595052732
1178,46.1876747721,39.2304134691,-34.0121074972
1179,41.6523400538,52.7281552677,-33.1235266226
1180,47.7251209666,53.1921196678,-21.9362840102
1181,53.573161272,45.8472600097,-19.9743843544
1182,53.9900151692,37.133836258,-26.2241197609
1183,42.8278751252,39.7411043293,-52.4753270281
1184,30.8199689303,51.6013099962,-53.1473724667
1185,39.2525133244,45.492797809,-40.0080719599
1186,34.9100471774,68.2602312008,-18.7628908464
1187,34.9691818024,56.8110854906,-20.8897081076
1188,23.4296405504,58.2805567824,-45.0442105009
1189,16.7070407016,69.1814178724,-34.0070966885
1190,31.2515370486,76.7178761775,-25.9392440122
1191,22.4356304306,85.8065078195,-33.9051838061
1192,7.08123804338,83.2050544654,-32.1981500946
1193,15.1760173376,65.9477831129,-35.5756429268
1194,34.4891449027,48.2950177857,-21.2248482757
1195,23.8322135618,49.3252405268,-47.1847343084
1196,12.6020981944,64.210985367,-35.6048403986
1197,24.0829168416,56.7915776439,-30.0954477128
1198,21.7651278514,48.1142702344,-52.3167634896
1199,39.6610548192,34.4752883871,-55.1173533401
1200,58.6958017973,26.8680377721,-40.4984328483
1201,62.655145174,27.2427692021,-47.2716706213
1202,60.6947961254,28.0665468655,-54.6098866648
1203,51.5407024704,27.0052147419,-52.9476711312
1204,29.5193603556,43.3770995883,-34.9051975196
1205,1.98979218556,71.8163545219,-36.087803435
1206,1.83517762238,55.7942153603,-57.0484732204
1207,12.1818256125,47.9658760825,-43.2373451388
1208,14.707523941,38.6732800121,-26.1215021434
1209,21.0998241368,48.5882754549,-25.9859606772
1210,24.4098615295,59.5691286541,-22.801485551
1211,27.2676611305,62.3090926979,-16.3145484234
1212,30.3742901977,54.0911408629,-9.36042942464
1213,34.9786224766,44.464077313,-13.151217597
1214,38.0486986349,35.2926041736,-21.953727055
1215,34.4409548135,30.6527091119,-38.1996676066
1216,28.7470443545,41.2916278531,-46.3130829975
1217,16.6632113546,40.3946310468,-37.3397407483
1218,3.95714351031,57.5088487353,-39.2372802324
1219,-0.764293263962,52.3601627215,-60.0903794261
1220,19.2337346308,37.2463867536,-43.0539307631
1221,17.3620203099,35.5161520171,-43.5123535471
1222,26.8746341354,32.3766898429,-29.9589618503
1223,20.6432261651,30.9872355628,-23.4606518033
1224,14.0826016332,27.1196351529,-22.7292543054
1225,8.48842595688,26.0518055546,-32.0662508166
1226,12.3195668075,38.0597219181,-53.4300484056
1227,-61.7805462322,83.1799135721,13.506227005
1228,-70.5282859237,66.5218749585,11.8378650358
1229,-65.914414091,49.9312788225,8.85926781476
1230,-59.1332223398,39.9296632333,10.8424061963
1231,-58.592609689,57.5200185102,32.701412886
1232,-62.9866628596,77.4684696966,23.4407820067
1233,-66.9192164147,59.0611036542,5.44202402575
1234,-53.2712340349,51.9526518383,18.3349657088
1235,-30.5040835779,58.3660593038,23.4979119046
1236,-24.5702775069,47.8057427722,18.5081561906
1237,-49.7364103183,46.1942151785,13.1843669565
1238,-67.2786968816,40.6866655926,-5.99581328826
1239,-55.7095745737,34.9140879941,-1.76095182293
1240,-45.2110477894,44.7686273955,9.60677765148
1241,-40.7892847258,36.988479528,17.1404331487
1242,-42.5946639284,31.7672690186,9.72649783293
1243,-47.3968392206,33.8923702416,0.248286225248
1244,-65.6548049957,43.1283224918,-9.48691244262
1245,-77.8063865023,64.1712363065,-7.8890706361
1246,-67.9458077516,65.3995600229,-2.85966804326
1247,-64.2942813412,56.8896755632,0.101890019782
1248,-62.9019587511,49.9021901787,-3.70030627986
1249,-54.9205546183,52.5944006217,17.86539914
1250,-55.6552969057,75.9599468354,43.0439076571
1251,-58.8715649718,77.483571141,24.6029844128
1252,-68.8105476393,71.6639049601,-3.02123952905
1253,-75.0360728922,59.5147215687,-12.7183803028
1254,-63.9506373264,46.8792941046,-11.9634871233
1255,-46.0494112174,45.7141069939,2.00171852442
1256,-36.2030174517,51.8578255087,15.1377323075
1257,-44.2642871405,58.3452774384,19.806236657
1258,-53.2288160024,57.4742475403,15.5642151222
1259,-58.9409829952,70.2941081163,4.47571206173
1260,-51.8295388296,85.5802067794,12.643880932
1261,-51.8755097231,64.1358436725,11.3555802521
1262,-62.9543615343,72.4268496573,-6.68055082419
1263,-70.5659018283,71.1857043301,-12.1712347622
1264,-64.0044382955,52.6461467985,-13.9811433134
1265,-46.6663814523,41.5119347539,-5.45329162742
1266,-40.1740007976,37.0815034703,3.35218691945
1267,-41.8723386383,25.0039778967,-6.76513233651
1268,-30.6779368023,27.909497235,-16.6899718672
1269,-28.1857039775,27.5176698162,-5.35824349693
1270,-35.477206897,31.6543273302,8.64004855815
1271,-38.4379374794,49.2491991089,2.18880300725
1272,-50.7615016709,61.2739486625,3.41415590675
1273,-38.3651008168,64.3876610995,20.0235540983
1274,-32.765016531,46.4175168181,6.41519864079
1275,-53.0340277648,53.7530602805,-11.3785594219
1276,-61.5280478142,78.8082147125,-9.02536799175
1277,-56.6777302841,81.4039781899,-1.09241675448
1278,-54.4056097239,73.3589064439,4.53025721401
1279,-54.2315039342,64.1114153784,-3.81417770008
1280,-40.3179654209,42.0998635841,-1.23669461206
1281,-8.60128383733,47.9065762461,19.0846679416
1282,-16.7591479085,54.4269966587,4.40403802735
1283,-37.5462635329,41.9909291171,-14.4281290461
1284,-53.6976850692,58.4131525047,-24.367651062
1285,-48.6344171447,76.7406466522,-7.89696942664
1286,-48.7219190567,77.5637037225,9.28012871553
1287,-43.828954079,59.7120411174,-1.38525905817
1288,-37.319333815,47.7842920201,-18.5624162465
1289,-33.0199298746,44.8004861479,-11.1146145194
1290,-26.7310891113,46.4603684508,-2.43959371742
1291,-18.051490913,43.3293286044,10.3958578103
1292,-23.3516054052,40.2145907887,21.4938648868
1293,-24.5617276891,36.7565245599,7.8290591438
1294,-19.6411621267,47.1053363288,-3.27778016245
1295,-25.4887163844,54.7150709626,-4.69415887617
1296,-24.0527513651,58.573853529,3.67928553962
1297,-40.2370321,61.8669111746,-3.80391316871
1298,-37.2077280152,55.3508981418,-23.8502275137
1299,-19.3819454084,21.7422046838,-58.0436861279
1300,-22.5787703044,43.3408045043,-39.1865034737
1301,-18.0438510612,68.9826478938,-40.1450129968
1302,-23.1426434971,52.0226049794,-54.3669935453
1303,-8.94435186238,37.0521654491,-58.9800854861
1304,0.76020554251,36.4331115579,-57.3222108757
1305,3.32713850215,44.5632373504,-46.5085220992
1306,-7.42291738275,55.8973418733,-47.323600109
1307,-13.8219340948,43.0061109126,-50.2406264286
1308,-11.6702395609,32.4483246966,-58.2128110679
1309,-14.3244749702,23.8771958544,-62.6482266923
1310,-17.5291680353,15.5411076193,-56.2255456116
1311,-11.1210063543,18.0540926702,-44.5569884582
1312,-10.5087395725,34.6445579147,-47.3375176641
1313,-13.9990219426,48.5157906656,-43.581206221
1314,-21.5192569868,44.6443224102,-36.1615940195
1315,-20.7738930528,33.4301719464,-40.0049461291
1316,-16.6439331571,21.3544494755,-40.1584684514
1317,-15.6469446271,14.9924456618,-23.8326403366
1318,-26.7975171706,2.41645231878,-18.4968660315
1319,-14.0012818664,32.8430134498,-33.4730574325
1320,-28.5616196739,45.7774349235,-17.9944455153
1321,-23.3109783445,40.7096588692,-30.7121436139
1322,-0.755360799553,37.6036223078,-35.8035806093
1323,-6.972988083,38.9763977756,-20.0147558379
1324,-14.9842942065,42.0312400701,-33.5487673435
1325,-12.6070718586,29.0676797258,-29.9804729101
1326,-12.6834401249,27.4732329722,-15.1035651771
1327,-18.6702857076,37.2211349808,-3.7815488022
1328,-12.9330889073,25.4712483785,-23.3052772871
1329,-23.7379524758,-6.73079772324,-19.9230219142
1330,-13.9135685685,-15.2558892185,-15.650209211
1331,-4.28022722716,5.04926983902,-30.4778914511
1332,-4.29024486167,30.5675140429,-43.3998895016
1333,-8.34738376494,39.0764273485,-32.4106574023
1334,-6.33976550712,32.5182823449,-21.4029469306
1335,-2.59083670017,18.8972621282,-27.0063395548
1336,-9.8818831153,9.6238399777,-35.8540726353
1337,-10.5126445148,2.17425586203,-27.3695979544
1338,-5.29788072856,0.388678195482,-18.673767439
1339,14.8752683369,21.7089502076,-20.3836781721
1340,8.26097190087,38.2710824522,-21.3058916259
1341,-1.40998398166,34.5036212021,-32.4138792721
1342,-9.9608508221,22.2279129206,-15.3498510732
1343,-22.3272137231,-22.4085001384,-9.19351746707
1344,-23.5211727703,-12.5353125067,-7.47476732008
1345,-15.385026075,-1.09861467681,-7.67899292054
1346,-3.57310614423,3.63253338393,-15.3203670247
1347,9.87973373641,15.9648382096,-18.6539036797
1348,24.1336331054,24.4377016576,-14.6827909455
1349,29.0891535865,31.3021885614,-15.36477683
1350,18.0716273174,36.5528814292,-12.4275377509
1351,2.15181558188,29.2465354363,-10.9172551042
1352,-5.74912470095,3.30444537898,-7.14454297972
1353,-6.38244112488,-18.9775584615,-2.69630610135
1354,2.94388908968,-17.0495752002,-0.927270209715
1355,-0.464616182233,10.3073421633,-3.75464783305
1356,-18.5913170303,28.3629564804,6.6590215022
1357,-26.058467414,27.5446670719,16.7756919549
1358,-26.7898212957,33.1564467267,22.7165992791
1359,-12.8326542835,36.613291985,13.7858589853
1360,-0.789707465739,26.5963126651,3.75928757364
1361,-2.24338286121,12.9712542907,0.786236581721
1362,6.71511797132,12.5453731548,-7.96858463901
1363,6.51736065203,26.9984201688,-9.16315306517
1364,14.9302472472,34.2575672481,-8.66013578526
1365,23.8074312099,32.9460381915,-8.28249197053
1366,10.1155010418,21.2856065594,-4.56495254444
1367,-0.209661818123,32.7131645792,-0.161526215846
1368,9.56689235245,33.8973616316,0.546208821089
1369,15.0041471279,18.2466548356,-1.8673423735
1370,25.9884153509,16.2596223026,-6.86914153294
1371,24.9675894043,27.2469861309,-11.0311048172
1372,4.61005180519,4.38126082387,-11.2095279492
1373,-14.4622194577,-20.1182816927,-5.82418590476
1374,-10.7996130052,-28.8646613992,-4.4391345445
1375,-3.62499170652,-23.2207300268,1.01870997022
1376,4.91658199091,11.8466465193,2.43804634585
1377,30.694947118,17.2250563222,-3.89022825906
1378,15.506806782,9.12295662844,3.4828405333
1379,-0.392779965086,21.8618241285,7.97117586681
1380,-16.7989904198,30.5103888874,17.4304632226
1381,-17.7151513567,32.2937009123,27.7731139049
1382,-8.33795345355,30.5998608249,30.2585126334
1383,2.9050389106,32.9794543209,13.9250772506
1384,24.0350080886,35.0023460624,10.703103086
1385,16.0697083827,15.7689666732,7.26868645003
1386,-1.39185884307,7.25681937806,7.8976908015
1387,3.9748093394,-6.17833151976,9.02853998543
1388,20.2323444128,-2.94226702552,13.6956558533
1389,23.3836675151,3.97106907788,10.2660499522
1390,7.37773959005,0.38699203633,2.79939046754
1391,1.69100900147,-15.5558000636,6.31757964648
1392,23.7800838323,-3.35462619843,8.59294739568
1393,38.2234277325,24.564066249,8.62142174223
1394,14.7099502511,18.9721198094,12.3916479561
1395,9.20684319369,29.7390560519,17.3365601949
1396,12.7750343377,13.2894955417,19.8174439627
1397,3.06397310445,-6.78653411132,13.7918533957
1398,17.1880815252,3.06955255715,16.4063220459
1399,20.0148722729,16.9192567493,16.6931710611
1400,30.9813458305,15.4660386628,12.8729357849
1401,32.1022183351,-2.40348458651,11.2015120621
1402,23.9421359772,-14.4670160565,15.411913171
1403,17.0965229892,-6.08788399326,21.95788419
1404,11.1625606594,7.47639866335,24.7744433135
1405,9.24221551788,10.9895351423,37.838540448
1406,0.733810821158,13.4306891395,37.3841999118
1407,-1.34722453961,10.9013101871,25.3254951007
1408,-42.2319070123,63.5174645272,49.1295430581
1409,-39.175430652,63.6332550951,72.1651346273
1410,-44.7071153348,54.5877896076,69.0096915466
1411,-54.4056901896,48.8222776413,62.520833431
1412,-53.6503692166,62.3804967743,51.0211224933
1413,-50.4250690412,56.175280891,36.806036742
1414,-59.5434075992,48.6188272336,31.439658363
1415,-64.5666266396,52.1485012679,40.3748550522
1416,-54.0512915455,58.2929549105,50.7941326497
1417,-43.630495915,58.5616016583,64.4151973236
1418,-48.5472107805,46.7640848181,62.1246528272
1419,-56.8036449029,46.3031064786,54.3982625102
1420,-62.9351162518,60.8937081653,49.4067295163
1421,-64.0629417237,70.1944819159,37.7694155463
1422,-60.5879032915,68.8529573833,28.413538687
1423,-63.9984633606,57.6904251629,32.9077320941
1424,-62.0595452037,52.390904359,61.6879195156
1425,-55.5712961123,28.8606556076,52.0194353454
1426,-53.7279206563,32.371944474,43.5085240856
1427,-66.2339213548,51.8415019038,49.3125890667
1428,-72.9007630469,74.0460320632,44.2601445407
1429,-69.5169078562,71.2322756574,57.747626594
1430,-63.9403081661,50.2309195338,60.1009075125
1431,-64.8729338227,41.7904725567,74.3258335175
1432,-62.7535540361,50.8867812528,78.005033079
1433,-62.6692227049,60.9586841405,72.9001292933
1434,-74.4773704411,65.1576636097,51.5067854252
1435,-70.2494543158,48.2746134767,32.7780277223
1436,-68.1828058724,41.7906538028,56.8987685884
1437,-16.9708856926,61.9057518122,-53.2208681224
1438,3.60255101724,79.732814129,-49.2199746298
1439,1.5891165881,100.374122965,-41.1560543772
1440,10.3468924204,101.616019182,-34.7141781733
1441,15.0273252816,93.1436657411,-34.2216746869
1442,19.6710666834,86.922320671,-38.2920304489
1443,4.43549141949,78.7952248533,-40.0346847621
1444,-15.3335292911,72.5640790456,-53.7070948162
1445,0.107246264486,74.6436634589,-54.7755188884
1446,21.0073937406,4.70664893057,-42.4905575731
1447,23.6694204951,-19.8374333685,-38.21507014
1448,33.2014563094,-15.0904144783,-50.3695452835
1449,30.8978610576,12.0495599721,-54.5181037432
1450,16.9508705632,29.386514195,-47.1183377248
1451,8.49203972192,24.3098409611,-40.9584515921
1452,9.45481755757,22.0021836544,-33.4289312028
1453,19.3938094109,26.6714151388,-34.3740678167
1454,26.8158423612,21.9242274956,-44.2771710064
1455,34.1994630747,8.71434448431,-45.7057780794
1456,41.1195888308,-2.50119785274,-57.8436254878
1457,41.6567783711,-8.81076891986,-67.9548850948
1458,33.1705438487,-12.0532565542,-63.5301607135
1459,28.7477447185,-6.23138278543,-58.636204718
1460,37.3968945585,9.62510635578,-61.9837105411
1461,32.1239627349,28.6497484283,-61.5891432489
1462,33.3557681584,37.1508798888,-52.5413038108
1463,39.7019953407,2.7017766392,-50.2604973369
1464,21.7009453713,8.99607756113,-36.5482385001
1465,37.832123866,23.9692210527,-47.9314902585
1466,41.0166314068,14.3666546217,-51.635442051
1467,42.9401933351,18.0002400842,-38.7003295048
1468,50.3440245158,13.0589239881,-27.1696201493
1469,44.8292342837,-1.83201326073,-34.7449091934
1470,43.4737479866,-14.3559638293,-48.7327162308
1471,43.520597314,-25.7048387029,-42.8377819381
1472,44.6647697691,-21.2855020307,-35.438253966
1473,48.5961891968,-1.27975730322,-47.2113649138
1474,56.9656093123,20.9940870073,-61.4181787128
1475,66.1502058325,16.2367651758,-70.275756574
1476,61.5736277955,5.27066931856,-74.2442571754
1477,56.8631465299,-3.93513394752,-59.4221661304
1478,51.1424769129,5.74839172165,-46.1028553257
1479,55.6196074702,22.2052090068,-53.2431897006
1480,67.6972290151,32.6737426556,-46.7130484992
1481,52.0823913983,5.57231217487,-38.105816948
1482,47.3970809043,-26.5359457254,-32.8573954831
1483,42.9574896797,-25.3641265125,-25.146765602
1484,36.1988129731,-20.4759011173,-30.4900378236
1485,42.541950256,-13.7927997995,-41.7526656136
1486,52.0159626038,9.01878519466,-36.0424618475
1487,59.7396118973,23.3826685999,-23.1476422013
1488,49.3116983195,-2.58175934686,-23.362535179
1489,56.9446588603,6.60523675988,-42.6250676791
1490,54.9420552262,17.2235900919,-7.86507835671
1491,57.7322827639,9.68622806244,-32.7316595399
1492,67.9514692218,20.0786512862,-57.6815514502
1493,75.8930405227,18.0899423775,-67.2999103422
1494,67.1796386811,13.1269362944,-67.8718214022
1495,64.2870175739,9.27584743284,-61.2720995855
1496,64.6167532705,13.8295722802,-46.3548028059
1497,58.7638685725,2.71336715925,-41.1367387955
1498,59.4476141119,-6.09729646636,-43.561904592
1499,55.6010709512,-11.0331218129,-20.6864316726
1500,46.9113498827,-19.6744074078,-2.60993261821
1501,45.7710054637,-19.5546473308,-16.2679758537
1502,55.882549906,-21.6383122108,-35.7712430282
1503,62.6687839955,-25.9417036384,-52.8787211803
1504,63.6722864908,5.48831476338,-32.9852767573
1505,67.135151733,18.0872890276,0.368880192329
1506,64.2859600284,27.2599642286,-11.9664150561
1507,71.5757266083,15.5399652407,-35.4129543752
1508,66.9824563966,-0.0377817122611,-59.3727519869
1509,69.5645743298,-14.6723048578,-58.9746060937
1510,67.3847164377,-22.7798436853,-45.6129722563
1511,61.5821964863,-13.4983083136,-31.8897162825
1512,60.9021545384,5.5414212999,-21.6108572678
1513,64.7100848458,11.8392245675,-9.44711869465
1514,63.5666239156,3.82806542129,-4.33964792042
1515,59.65329934,-17.2380559898,-20.6392066845
1516,71.9775707401,-12.0157443067,-32.5698672169
1517,67.4379031355,-0.960436500417,-26.4170704409
1518,69.2039463894,10.7543688101,-12.4604676661
1519,-71.6574243888,-28.6311002538,-44.5660533292
1520,-61.1448455427,-10.3060067979,-54.6765140543
1521,-69.7264497056,-14.1499490164,-39.3889900502
1522,-75.6777687166,-11.6921700637,-27.7769423091
1523,-75.5042738339,-1.03813330327,-31.690956923
1524,-69.0039500676,-5.79879755233,-47.1860222324
1525,-54.900916377,1.26182791564,-41.244312099
1526,-66.1800128348,4.70757198496,-13.3947326723
1527,-58.3102675519,15.8170592679,-6.054795988
1528,-58.9669289402,4.41028594526,-39.8391330919
1529,-74.509717843,-8.69996280459,-64.2275178418
1530,-70.0276988077,3.34245089498,-63.7623769102
1531,-67.9859326908,5.54903482839,-36.1840163216
1532,-57.780138111,13.7531065718,-29.0687913547
1533,-51.2625865463,10.573173711,-36.1726435137
1534,-60.6790928644,3.67911342621,-55.7219314015
1535,-50.1256083174,9.85194300576,-57.3015452234
1536,-37.0653480449,9.17643769617,-33.2951301179
1537,-32.7824157002,15.6713970618,-38.1091721254
1538,-33.8799544972,21.2771705556,-44.5964371621
1539,-56.7436992485,16.2605316087,-36.9330996765
1540,-69.992226268,11.2911323811,-17.3658766348
1541,-67.7229328337,23.562491555,-5.06621460493
1542,-69.3201953022,28.4454856123,-27.2522419446
1543,-64.4677426475,11.5817195936,-60.8016813328
1544,-68.0066538994,7.60138376074,-73.1956751848
1545,-57.1338281329,7.32626751749,-76.6151923468
1546,-48.0132137362,13.8523765139,-42.2469863901
1547,-48.8572324065,4.32415952285,-71.0575600153
1548,-39.6353040473,12.8176367241,-73.7218349666
1549,-33.5756129019,22.5440993034,-56.9752529778
1550,-55.4435347384,21.2311863819,-54.5777506954
1551,-52.5083967323,20.1748487746,-69.1782572402
1552,-50.1692706043,27.5022564595,-62.3462962754
1553,-62.5316294028,28.7825538223,-45.2856866808
1554,-55.3898942815,22.8596568559,-20.3942076767
1555,-44.6076143043,21.8921685154,-39.5612763775
1556,-52.5033556717,27.2401097788,-40.4958023297
1557,-61.360174376,33.3729023144,-41.4746851767
1558,-67.4180844446,27.2637320232,-49.3746901638
1559,-61.5076914157,28.1922005261,-55.2637125885
1560,-54.0066844207,31.7648323136,-59.8148350201
1561,-46.5026537331,39.0968588662,-58.56672211
1562,-53.4489021661,31.9372963119,-36.3139269591
1563,-62.3425933858,34.3761519994,-16.7935722219
1564,-61.1909583633,40.7547950713,-23.5844475641
1565,-47.4467624386,35.7141648576,-39.1307707272
1566,-46.1573695562,24.040396101,-65.8210657644
1567,-56.3275533647,18.7253857367,-74.3971106752
1568,-66.159212607,31.3385928188,-58.6630217883
1569,-82.326455392,37.4395793996,-39.25290918
1570,-48.1359004694,36.9811559648,-42.0729637688
1571,-32.69730272,24.2226951459,-65.9393424454
1572,-28.9178758956,30.4042377527,-68.7644824675
1573,-32.9115317724,41.2782946202,-57.6734838873
1574,-30.7514752726,50.7206455131,-46.3729594782
1575,-23.5228512733,41.0304210658,-50.7806006714
1576,-38.3981199783,46.7426611618,-39.3424584471
1577,-36.8570156088,67.4870282947,-40.5963997896
1578,-50.7148094342,45.9370476896,-48.0277200742
1579,-78.4329935916,46.7679342354,-35.4648827896
1580,46.2992203636,41.4225761966,49.5955657229
1581,46.7830217045,44.5088912251,67.0829561063
1582,32.5832860877,46.1036904075,61.6854604286
1583,22.7187613054,44.9723686005,52.7567765652
1584,27.2096483485,39.5136576912,44.9709270403
1585,42.3487577774,39.255530818,42.7160456344
1586,51.0485663251,31.6892289579,34.5412706834
1587,42.9605362535,27.7997430616,31.5906727852
1588,34.0176318633,25.6842022224,35.7518999699
1589,32.8055851811,28.6219200904,46.477731482
1590,34.6865500968,22.4120512702,62.4919064493
1591,25.1801731884,20.1141455703,76.7359542869
1592,26.6416041479,29.3737411356,73.8922044231
1593,38.1963933394,33.4220450334,61.0135945644
1594,43.0806703976,34.7876799069,41.563353113
1595,36.4246639144,34.2434022624,34.5021155983
1596,30.5441124959,38.6104796715,52.5202510707
1597,56.5392313798,35.0124245599,71.0707022398
1598,58.4252289198,40.8771120592,63.7340276005
1599,44.2385760369,55.6662830465,59.114572222
1600,30.4844518706,74.7326917686,57.1774257142
1601,31.1972242489,74.9407187316,46.2381398672
1602,27.558812356,64.9364232481,47.4692316625
1603,26.1923097633,50.211383112,62.3645097998
1604,27.3758021582,32.7250098238,63.0292550026
1605,17.7544660377,31.7028535106,62.5210720498
1606,13.1047657928,39.1455302329,61.890885983
1607,18.4577724818,51.5159125216,63.4803408223
1608,20.062491532,61.613652995,70.3445688712
1609,13.044549244,61.3827749645,78.8608966517
1610,3.05556038831,52.4853639478,71.5504729019
1611,23.6691636515,37.2243096314,55.0323761096
1612,26.0852295446,33.9854707879,41.5300716873
1613,7.55635315081,41.6920599054,44.0906995647
1614,3.96884841617,43.1472003939,37.5587691396
1615,11.3783406672,44.1875939765,32.7071298859
1616,24.0594182258,41.0862467592,33.2077820404
1617,13.1862662699,52.1027830623,58.4819244693
1618,16.218659053,61.4277575556,63.5251543218
1619,2.47898389721,53.1308118715,58.2180401157
1620,-7.40784811663,63.8381550411,64.1036684239
1621,-9.71536755425,72.2952006195,78.407823369
1622,-21.6376630275,63.455503129,81.4951328394
1623,-7.96974846064,43.5504439949,73.351748764
1624,7.95207543667,39.4346029084,79.6306004163
1625,2.49737299242,46.0610136254,86.8736314088
1626,-2.8891331605,51.2442400535,62.3200344132
1627,3.60503796982,32.8635621853,52.5120333628
1628,-3.74629524174,31.1225485907,56.1592153314
1629,-13.9381408577,44.6666444978,68.2887608494
1630,-21.2872837745,65.7060007042,77.4463289422
1631,-6.88650262304,68.7500807123,66.0250133595
1632,-42.8748755017,68.144643165,-79.5586446992
1633,-51.5209603437,57.7959053145,-72.8330131138
1634,-52.8640680616,43.5892030439,-68.2229390483
1635,-32.4526015537,55.924745877,-65.0596554456
1636,-23.6270468825,76.9202209081,-63.454751697
1637,-33.3812137656,80.1474815627,-68.1080809604
1638,-45.9409540342,75.589706891,-75.176352823
1639,-61.0289111462,74.2140329739,-76.2367863518
1640,-57.5224971087,78.8450999311,-65.029334404
1641,-44.9003033749,82.5728331317,-64.2956620257
1642,-30.7491792486,72.8497662413,-67.1360029685
1643,11.9977369006,-40.2178431178,11.0021027547
1644,5.33053668372,-38.8311756091,-7.53283553118
1645,17.0620159408,-49.6603966614,-8.65677416222
1646,9.43441400541,-42.9101386869,-20.8953335308
1647,-8.90129293717,-28.0275242351,-13.6139000273
1648,-6.35955617198,-22.9554739407,-33.0968529037
1649,-13.5324299072,-11.2205091786,-43.5914766754
1650,-18.982397153,-12.9545093734,-35.2821277841
1651,-9.52494796083,-21.638840827,-20.3095712999
1652,7.9756089715,-36.2567557412,-11.6892779181
1653,19.6444294615,-46.0808755505,-6.55495811703
1654,8.51076726509,-31.7568025044,-3.30952923124
1655,-6.93035671854,-16.6568249992,-19.1592105896
1656,-3.27341434621,-22.0823622612,-30.1469098405
1657,9.09268429759,-26.1594042622,-10.9978376892
1658,22.6259684009,-42.5553268752,0.157748226501
1659,21.6658324268,-50.0295699334,-16.6102012724
1660,16.517387433,-36.1235626966,-11.4818580069
1661,17.700770215,-25.3838909493,1.76775136523
1662,11.0090859277,-30.1253824136,-21.1345007693
1663,17.4919364492,-54.4036688964,-29.1228678141
1664,28.7126212769,-49.1504341948,-13.9698308559
1665,19.5572861169,-38.8055647981,-9.76957056617
1666,20.7639597428,-38.7543971313,-26.1533737345
1667,18.9822750428,-44.4864901692,-37.3575429177
1668,11.2238717649,-43.553064328,-41.5237782291
1669,6.80282113007,-34.8906457728,-40.6047277109
1670,19.7126569766,-33.5330967613,-22.1845020453
1671,17.4589281769,-20.7944256758,-6.8712411159
1672,5.18037498113,-16.3414105363,-5.50281028613
1673,4.55958713186,-24.454522129,-0.379523311439
1674,11.1745183574,-24.9997559601,6.30313276031
1675,15.2412056953,-13.3627229741,6.87367165402
1676,7.73228326313,-7.89215295853,-7.93282822742
1677,5.45200359217,-7.07403789151,-24.6115394552
1678,7.72861416929,2.51579988097,-25.0994909627
1679,21.8726637437,0.438440567135,-13.9274955843
1680,27.8485177022,-10.0125756017,-3.64654807248
1681,32.5441108868,-33.7444427317,1.6480375141
1682,31.1751920703,-42.418669677,-12.3523789965
1683,21.7152072055,-21.4458044779,-0.57385609476
1684,10.3197889077,-7.48698571225,-11.8369033319
1685,16.1498561594,-21.2909484303,-16.1479479663
1686,29.7887323297,-33.8392593658,-22.8362620563
1687,18.3491293615,-25.8955229777,-33.8106580447
1688,5.46300002068,-15.0177512239,-32.690917222
1689,1.52235471697,-6.79631741408,-39.8325929311
1690,5.52279695331,2.5285560151,-36.1022074766
1691,21.4248639888,-12.8641208773,-10.8740132749
1692,33.1072889706,-34.0767269488,-8.60229375004
1693,29.1783266398,-28.6965980402,-16.9558550272
1694,28.0171447631,-28.6168340843,-26.359536991
1695,41.1166662385,-33.4063379908,-27.3551152735
1696,38.135680554,-21.172611474,-3.56330649117
1697,25.1278272083,1.15362461277,-8.39670093361
1698,19.2622187857,-5.05542313404,-3.34229988318
1699,21.5790855657,-8.33525455077,4.79242503171
1700,28.5157687802,7.33070988557,-3.36122018751
1701,16.3020753115,9.30786824412,-19.654733505
1702,16.6316157528,-0.906611084336,-23.5298267501
1703,28.7285072844,-8.8339272966,-9.98393157812
1704,39.8580524089,-9.55156511114,4.52296980821
1705,45.912553058,-3.86132918136,7.32506994448
1706,42.9574778502,-1.26182799409,-2.42813535601
1707,21.6028937446,-10.7930991424,-17.3253961901
1708,9.36533266993,-7.65251608686,-46.2180757244
1709,18.7400654372,-25.9445126022,-41.5641986473
1710,40.4478699643,-28.8852925157,-26.6480602859
1711,39.2111203503,-29.5170785541,-14.4406690161
1712,27.3840976658,-11.122700397,-18.125881994
1713,26.3230870075,8.80657765096,-16.1814652978
1714,42.411779587,5.36041566205,-1.64618961337
1715,53.4428419793,-9.42564257228,8.12065440512
1716,28.9739366997,-7.53812733819,-20.4046177066
1717,35.7354672894,14.4894167471,-12.887446375
1718,47.5884845839,-2.48832524534,-4.22260533536
1719,31.1436190205,-9.77294826254,-24.1826244205
1720,22.1797341272,17.3393147009,-27.7057804101
1721,28.5762702201,21.9341461941,-22.020542724
1722,31.8149630507,11.9656170158,-22.2039262548
1723,29.874506037,0.597346141515,-32.4451473956
1724,29.0937140862,-13.4223319261,-33.929719286
1725,33.1234726015,-18.4735387943,-28.1208852077
1726,37.5472548921,-15.3875662722,-20.4213215092
1727,38.4516258034,7.74765375825,-15.5607919423
1728,32.7626378685,21.9611627206,-23.9186327363
1729,32.8216284027,7.35977979215,-31.1578535707
1730,40.0532541175,0.411812564963,-21.3754224429
1731,34.124918977,18.7940997692,-30.2725902717
1732,23.7725965503,11.8631110907,-38.4855733815
1733,31.7470267301,7.63345194617,-39.091057369
1734,37.9391984319,1.87704190397,-30.2221536911
1735,42.8912387433,-8.91058147181,-25.5286576516
1736,36.8827400958,-0.545010744361,-41.3769067592
1737,38.7071332733,19.1507486904,-34.2369429316
1738,44.1728506278,23.6800907954,-24.2424667564
1739,47.2555318228,3.33817771624,-16.0784321234
1740,35.1427468163,-58.6944677539,8.44255147383
1741,40.6417465941,-65.1451116131,-14.2373348709
1742,41.2729874117,-58.1981339835,-22.8804621039
1743,41.8924687005,-47.5099065779,-6.64056678174
1744,33.2975218589,-43.54805958,12.0793179047
1745,23.7326748843,-55.9251882686,-0.3689902035
1746,24.9985762877,-62.7086688546,-18.4666692252
1747,29.2490945978,-58.0152150881,-26.8905078824
1748,41.6796998234,-46.9355367791,-6.05871029871
1749,52.0627748473,-51.5357798083,18.2921225224
1750,59.0867520026,-53.3762942826,8.46376040601
1751,48.204689507,-42.1700411307,3.05057872181
1752,43.9554532426,-45.7192677237,-23.8310500491
1753,64.4024923448,-54.1383896953,-23.6523150966
1754,30.4508641599,4.0284305691,17.5772459975
1755,16.7182103636,0.440955809232,38.6335703279
1756,-48.2798529434,-48.8013270584,73.655140959
1757,-52.4460490931,-57.4490964369,66.2625657273
1758,-35.197867783,-55.1249740151,64.3442697983
1759,-36.5499385443,-34.2394638938,61.6406047859
1760,-47.9811224323,8.90982697754,0.167059085422
1761,-53.3323083156,-1.69784154342,-10.9411571526
1762,-58.4856659486,-4.06980447283,-18.9977322507
1763,-54.3007682706,4.43334832414,-24.1333755383
1764,-44.8636387512,6.63458357021,-17.7426950837
1765,-40.104435232,-0.723389919614,-18.0763841376
1766,-37.1591868167,-2.80592614454,-31.2706047493
1767,-30.605521499,6.06781875609,-26.7180588746
1768,-39.9955548524,5.40630331029,-21.4417800005
1769,-48.6895987207,0.230988939179,-35.6099274734
1770,-60.3058886116,-4.7235741949,-29.5386755656
1771,-51.9818209759,-7.06796395891,-24.2528708353
1772,-44.5264348382,-2.3242203531,-27.0340847779
1773,-40.3771881192,-0.403674140355,-33.2096375286
1774,-45.6714741194,-3.32448236608,-40.4799696998
1775,-59.8516514359,-8.50674286323,-34.3281913027
1776,-60.1928284919,-15.3123427137,-21.1866051705
1777,-49.4748516777,-14.7510777627,-13.4109785811
1778,-42.3568598244,-8.70520842968,-5.51971324078
1779,-47.3585071479,-0.632041065643,-11.3688460509
1780,-54.9375349064,-4.5811582798,-20.1146649179
1781,-59.0423940299,-12.1561338218,-28.3256470692
1782,-60.3241757955,-14.0047375577,-35.8594041115
1783,-55.0134337098,-11.2787811412,-45.4408680661
1784,-40.4540145254,2.05849766973,-45.879405516
1785,-26.5619315872,10.533102281,-42.1752187327
1786,-29.2846349059,13.4852591214,-50.1582547407
1787,-39.6020909058,2.06188245465,-50.309310918
1788,-53.0204796714,-14.6131311593,-30.5368269558
1789,-51.4428282741,-26.3634591836,-13.1095014504
1790,-42.7645513516,-17.6417624514,-14.2699851263
1791,-33.9944515653,-10.6528176612,-25.2272698362
1792,-23.8736561308,-14.3504511946,-21.0094226885
1793,-36.006008131,-22.3112840807,-17.4212604032
1794,-58.4017959041,-23.5397625542,-26.541431047
1795,-66.2361421514,-25.0248336213,-44.9284588974
1796,-61.8959979081,-14.3638778982,-48.6319258105
1797,-52.3462042195,-16.7291229613,-40.6694071997
1798,-40.6118200787,-10.5927894232,-29.3724484759
1799,-30.8662425883,-4.90054399723,-39.3789852455
1800,-29.8492056113,4.67090770907,-49.1373176531
1801,-50.5201985075,-16.8506017615,-45.0883729116
1802,-30.4166419392,-6.5636914664,-43.7263286072
1803,-40.691842001,-13.1492660509,-51.5707372799
1804,-40.7870460734,-25.9151629828,-24.2310086215
1805,-53.9879213119,-33.7622001107,-21.5537448801
1806,-54.5651685862,-29.9168559441,-45.7093244855
1807,-52.6798255431,-25.7702353559,-65.792992268
1808,-50.8906605497,-12.0536528974,-69.4942941058
1809,-46.1288979663,-14.2994089132,-48.9455600725
1810,-49.3310035541,-27.7193439572,-33.0085100635
1811,-40.6957025068,-28.7336648406,-32.9487735173
1812,-39.2174052656,-20.2007161808,-54.1625104175
1813,-39.1518504684,-9.47782070528,-68.6924695068
1814,-34.7837519371,-9.51264581142,-60.2426226837
1815,-32.7309742379,-13.8416416084,-53.0300578129
1816,-38.6101745127,-28.221951625,-39.4918108268
1817,-45.1437606312,-38.8204044818,-25.4321878084
1818,-40.3231483281,-41.1269925674,-19.9302772588
1819,-32.1542577249,-41.5776086479,-25.8166616904
1820,-41.221390559,-36.9658401422,-39.0928630489
1821,-49.3542582315,-35.3710304718,-53.6322123129
1822,-50.1827006015,-35.6877562194,-62.939916604
1823,-43.2561392271,-27.8763025315,-63.6468403181
1824,-44.1281670377,-25.8230085866,-49.1471092919
1825,-55.8971121189,-20.8200348997,-44.1037695738
1826,-59.0554299563,-17.7549995084,-52.7160798543
1827,-52.2571136679,-16.5612679006,-60.7799960957
1828,-45.4740127932,-15.881701812,-72.0656674765
1829,-51.8630477348,-34.4132923315,-69.0268891182
1830,-54.197390123,-51.2383928021,-74.5953877471
1831,-44.7270028802,-49.0619932043,-78.0015407179
1832,-41.5976166677,-33.9931907853,-61.7387317361
1833,-32.7606104692,-31.1189325692,-43.3306231815
1834,-24.5003078487,-27.4644286667,-43.9814893956
1835,-26.3376396536,-25.9784085679,-53.1373781281
1836,-32.6145495823,-23.6446528031,-58.5730107521
1837,-30.2041219348,-14.765302504,-59.1285054255
1838,-27.8864417018,-8.17070096606,-54.944527215
1839,-32.5958341849,-18.8441061606,-35.1926987897
1840,-41.3490386423,-36.3400038081,-18.7533676457
1841,-31.2428971384,-32.793840838,-15.6988649881
1842,-27.9051669476,-26.7633221271,-35.5729849676
1843,-24.5660825113,-18.3767662474,-49.4937797486
1844,-19.9632888236,-17.8683005371,-39.0270088341
1845,-23.0884570796,-27.3704912163,-30.7835494776
1846,-43.6223069902,-44.7615125228,-55.5144023777
1847,-59.6331917221,-59.8817645657,-39.5985341106
1848,-62.695386126,-46.2045022404,-36.023899753
1849,-62.5651848465,-34.5306576998,-45.0134149581
1850,-57.0039097845,-40.9542224349,-52.4026117219
1851,-37.1026103799,-36.8353794024,-47.4323357536
1852,-31.2064740293,-36.9828219238,-22.5524217755
1853,-20.9014808992,-29.1707371695,-18.0390976027
1854,-19.2578002088,-27.2937004887,-41.5428194247
1855,-29.7686993261,-41.8317139785,-53.4915030458
1856,-37.1468928062,-42.4363313463,-54.8298850728
1857,-44.2255175066,-40.8968012805,-51.2114584598
1858,-45.3854037048,-40.8560175393,-40.632428416
1859,-36.2705014175,-43.6112185109,-32.5193558142
1860,-27.265096108,-44.4455158364,-41.8149764421
1861,-26.0206627641,-39.3675462777,-61.7105186841
1862,-23.3021999803,-39.2099646974,-78.755186019
1863,-16.3470230056,-43.4882076096,-72.7912820805
1864,-19.9772574885,-36.9025496243,-38.8251678004
1865,-36.1418998582,-44.828817758,-18.4473594905
1866,-36.7900948011,-46.3144823598,-27.3308162549
1867,-35.2395237128,-49.8771265368,-45.2402199647
1868,-32.1551817051,-50.3851521051,-64.5648073388
1869,-13.5623611376,-48.7843287051,-49.2627052027
1870,-11.2028125985,-35.9327405336,-30.6771715717
1871,-12.4289441518,-28.0137320086,-37.0551787326
1872,-12.0527865776,-29.8434615898,-45.1976270907
1873,-15.4955841357,-44.611699595,-48.0730468147
1874,-29.2760056408,-49.5355432616,-54.7053313411
1875,-19.9905664726,-47.0947963578,-67.7118179104
1876,-12.0697964873,-54.4950600888,-54.8148448702
1877,-23.5698782407,-61.037229973,-50.0280329605
1878,-29.2073960459,-59.4751766667,-59.7306583876
1879,-25.3628924035,-53.5803118274,-70.3724370735
1880,-7.39001133171,-55.3055104475,-57.6096808182
1881,-10.6687967235,-49.1370638191,-37.1430407134
1882,-7.62427753151,-40.6628099834,-30.8690993451
1883,-4.33678854201,-34.5603712922,-38.2606351259
1884,-6.56444715858,-42.4291201162,-47.5547254881
1885,2.61497766524,60.9838317389,-32.6168172773
1886,29.0051254968,45.8232401309,-22.2274370265
1887,28.6091974284,38.5651883615,-7.78422430639
1888,19.8371574737,59.10346867,14.3160914439
1889,26.4123744121,80.312570666,7.14780756407
1890,21.9946641569,62.2209223627,-11.1476777505
1891,9.30535569685,69.3414460052,-23.2362157356
1892,-5.8659583746,72.0350571012,-28.8854646709
1893,-3.53135725537,53.5161374353,-36.3637376638
1894,9.51421162357,47.9112005407,-27.4474499869
1895,25.4358332823,53.6070626191,-7.57263766827
1896,22.911979471,59.2493500142,8.89933326047
1897,18.6871153982,48.7448603474,0.727547685176
1898,16.3570236802,46.6025987534,-16.4643238568
1899,7.23264466929,60.1739180997,-20.9841643101
1900,20.1535707036,68.3980221087,-12.6889393672
1901,16.5961516,59.4451178512,-5.13350473695
1902,8.85223438849,54.2608773574,-13.711090315
1903,1.47379147582,50.4131167703,-23.8005332611
1904,12.1916031951,38.9740204194,-3.4703077225
1905,11.8204438192,37.5278454151,21.6770781056
1906,5.20186673177,40.9962200108,4.30620073053
1907,9.54878200962,64.630535819,-11.0209305083
1908,-0.883213696619,76.8563497297,-17.1186568546
1909,-5.13559645217,59.2359579142,-8.98774186555
1910,-4.09136207862,41.8442141321,-5.01068297083
1911,-0.824255686422,37.6626050863,-11.0518996974
1912,-2.39575424957,54.787473931,-20.2204798751
1913,1.30580583644,68.3509671257,-12.3145471069
1914,5.33171281898,51.3239830436,1.54757416076
1915,-0.374012917353,40.273861217,15.3311929096
1916,-6.25869477433,42.6450979834,2.9054386128
1917,3.94659241961,63.7887892838,-15.305324697
1918,-7.25919011745,55.1621912315,-22.2691798932
1919,-6.12875795713,37.865559031,-9.96719335835
1920,-14.6932366519,47.9488439976,-1.30481952684
1921,-16.153518689,45.3144691058,16.4955508218
1922,1.71577635367,46.1742561309,12.7271786674
1923,-8.23273207592,56.8681256973,-4.92777833966
1924,-19.2375821502,23.4134473537,36.1409084985
1925,-30.7472596449,31.8793791047,33.1379594473
1926,-30.068440521,23.6167978748,49.8850743005
1927,-40.8536311092,9.05469358394,56.4151082206
1928,-56.2936754165,8.72873072985,45.4916807451
1929,-69.7691362348,10.396401036,46.1422683585
1930,-69.5857353984,17.6722022617,53.0922733188
1931,-61.3877609793,23.8024461604,54.6570878624
1932,-54.9894229435,21.7666533478,42.0196090047
1933,-49.1241033299,19.5461103783,29.9044527024
1934,-44.9943234323,27.6403982135,26.3075006419
1935,-46.6707473391,36.3336647617,31.7392655897
1936,-43.2256571429,34.7220550739,43.3998437606
1937,-27.3728500028,34.2230618931,57.3141325052
1938,-40.8127705635,43.4473919786,50.1989394759
1939,-49.1988536788,23.0550499086,35.5920346603
1940,-57.9837712994,26.0548635391,28.6531660052
1941,-65.1073534253,26.1853138834,48.6003087077
1942,-49.9875813176,26.7782102514,66.2228006164
1943,-31.2349891761,39.2565683279,66.146366572
1944,-34.5970150635,45.9389638027,58.2034389956
1945,-38.7460732416,41.361284089,51.0441627522
1946,-43.292280153,29.1713226319,50.9179784751
1947,-44.8674966042,19.4736579972,63.9910078263
1948,-35.0057603091,35.1984074018,60.412783924
1949,-37.7402792768,47.0392062158,48.2998992061
1950,-36.1814290498,55.6745895438,54.8702272841
1951,-31.0349211481,57.733483897,59.902013351
1952,-37.0564789762,41.8064083926,66.0637439425
1953,-42.7385004484,46.0186981358,57.7578892777
1954,-22.7049651025,48.068200608,69.2650681546
1955,-31.5787904528,31.5026034576,64.1065031812
1956,-39.7570686123,26.0711797644,78.8114164054
1957,-42.2836481724,46.3767226967,64.7445695082
1958,-2.25152590617,4.89232588047,-41.7840376904
1959,1.8410541027,16.6144546906,-49.3389057307
1960,0.40384421803,25.345671422,-56.2681527991
1961,-9.36567109708,29.4231052906,-64.9236440895
1962,-18.8172581661,42.5485683389,-63.5689969077
1963,5.57005380452,35.7249924696,-55.6857969019
1964,10.1674927607,19.4505586692,-40.8192208413
1965,5.51478615544,13.0946313067,-32.6353601167
1966,-5.85831719006,8.20226309273,-41.0050951939
1967,-11.191420873,11.4265625323,-50.9358918775
1968,-6.85709268446,24.4092826481,-52.2228288107
1969,5.06925723184,18.5680834713,-40.6302736237
1970,13.531975228,4.46925460589,-36.8643587966
1971,9.96555323159,1.63259065227,-44.0180574409
1972,3.5684744271,5.41541178565,-51.7295104352
1973,-9.7849920118,10.5181885061,-53.5207780546
1974,-12.7781454784,-1.2456057741,-36.7642921669
1975,0.280307131621,-0.994581520104,-25.3416299136
1976,3.13127701519,2.7393894751,-33.0597933998
1977,-4.87604186812,1.29878396972,-47.7779116198
1978,-2.48520112898,13.1241488081,-56.9978587898
1979,14.1379149974,29.4077810448,-59.8953656373
1980,6.07036316125,35.8963319684,-70.0361559136
1981,-2.43522348706,35.1788727027,-66.1550036795
1982,-3.34343854784,14.0016215625,-64.3281152454
1983,-1.92754517497,-4.26731884411,-42.9213063836
1984,1.40485643085,-12.8121108252,-18.6753491179
1985,3.22238555241,-22.1725962317,-22.6952180315
1986,8.90943514485,-26.1790667722,-28.4059145781
1987,-2.93266618977,-12.1775989955,-43.5961747582
1988,-20.9995147909,-0.658807677485,-55.1354037889
1989,-26.655240275,-8.36648760511,-60.3997452408
1990,-34.0327486478,-20.0302202972,-65.7247805651
1991,-36.1956474577,-12.4981250754,-73.9755699879
1992,-12.3155591269,-0.473869725254,-60.9968897893
1993,-2.5660476885,-21.4685378995,-47.4701633949
1994,-5.85206980688,-19.7566545406,-55.1255865702
1995,-10.1483020634,-7.20013004057,-59.9067866306
1996,-20.9759688178,2.51013817879,-65.3995623341
1997,-24.793934839,-4.84322161339,-64.5032650362
1998,-24.5285441159,-13.0515657435,-65.6211657623
1999,-20.1209002438,-10.1834131314,-43.8985567072
2000,-6.70348483131,-13.0905920575,-30.8375708161
2001,-10.2131411545,-27.0879279427,-53.0140073328
