1,21.416011061,45.8711874367,65.3850483747
2,20.362333884,41.0101113557,51.5515863718
3,33.0969054484,33.823868235,50.7657484006
4,27.4476566759,28.8586385584,60.760641613
5,3.52085867631,32.5568516079,67.8551156975
6,-11.5248430824,21.8515611937,70.908262385
7,6.74929294255,8.7978835833,66.5942067663
8,22.2563068446,0.033413839145,63.5517288294
9,16.6246288537,-2.88921281175,58.7541347011
10,8.04469135773,-2.98345084503,57.9965241753
11,13.7250286122,21.3298493641,61.2412909441
12,-3.67056903886,34.8827654318,62.4854856515
13,-0.0750478236768,25.5391859121,71.3120106399
14,12.3436323749,18.6062618179,67.1133162472
15,12.7313526976,19.5583753923,54.7281890201
16,20.1219745598,24.6023486467,52.5950413697
17,30.4434206892,23.8449365261,57.8530603711
18,34.7847800954,18.6284696273,63.948784858
19,29.6314897797,11.6371047203,66.4948036969
20,19.9611557014,4.79486379772,61.3311883593
21,4.86168786309,13.2224691069,58.6246305216
22,5.42059233102,36.7867783281,57.7124061885
23,18.8130667823,49.2648280532,55.2323972222
24,21.034235382,43.9396459504,42.5865073551
25,14.5797614958,46.0389838322,34.5119238117
26,0.401025612211,38.5559350134,43.6056893393
27,4.37668858605,28.3391394589,55.3506747732
28,15.2398742185,32.4114211681,51.9094178777
29,22.1170608962,16.5391663347,49.9460958389
30,26.6736214356,7.51354043611,58.0403611052
31,29.8710277924,15.8754646297,61.7283290594
32,21.2256869123,23.0202193358,59.8555421933
33,18.6498483492,14.392252471,54.0655687194
34,18.3060182502,13.3781293857,44.6001686371
35,-3.24975207324,17.8107362681,53.8954147957
36,-16.936290016,1.88709888174,58.7811221779
37,0.149844938364,11.4175222998,55.8706205747
38,14.1930608204,5.95118342556,49.8501144556
39,20.9402264457,11.354239301,39.4413583259
40,9.3934770154,29.9559413469,44.338191191
41,-10.3767071713,37.3930000808,38.8114752473
42,-19.4077286109,34.0501797615,34.4723978917
43,-16.8978850688,17.0233626968,50.4054249637
44,0.881389946408,2.58073208223,51.4842980237
45,1.11662410412,27.1053739338,42.2935976988
46,15.1386525925,30.4753706529,40.4629402673
47,23.1519480153,14.6739420112,34.690425626
48,26.7320414401,-2.97001891542,35.1809832818
49,10.7185080547,-5.44376738602,42.8570135178
50,-3.34067552692,11.8889583767,50.6915895453
51,-14.1085671244,19.3302563151,46.7348662689
52,-19.8842214088,15.4926602419,45.9192899009
53,-14.6782415972,6.80833185338,47.4061467757
54,5.36305098158,14.4106056071,41.0183925933
55,8.58511565147,38.4535920139,34.9670530535
56,-9.31594751613,39.7564556569,34.2063072552
57,-11.725720818,35.3331362756,26.0634147499
58,16.6117536304,36.3830421591,22.4784297886
59,24.2468753306,17.7996214313,22.1217475307
60,15.7134695451,18.7539556395,28.040636717
61,4.29726152382,20.0959921946,32.3103679561
62,3.93527602973,11.293747022,35.9005455731
63,11.7594742438,7.06129570064,39.5438020712
64,3.89940822762,-1.17958060785,41.6343870518
65,-6.7841423266,0.940414104289,40.9957730804
66,-6.12402945599,12.4980635039,41.7538241606
67,-7.41770076823,23.564043132,37.1212735327
68,-12.9067031015,21.1732417846,32.8087322825
69,-13.8364033894,14.2109016981,31.6057246003
70,-3.37027404577,1.21604610352,34.7708126389
71,7.42650744395,9.08002453588,32.2847028316
72,-3.11712879276,15.8645085085,29.3280803641
73,-20.1396352945,5.93939956647,26.6776176302
74,-17.8174388396,-12.0755296021,33.1379800518
75,-17.8169963551,-2.21621727391,41.9954708082
76,-24.2393813612,6.81337490497,41.2399666145
77,-23.2743717329,15.3303356017,41.6808899298
78,-15.9292405591,20.711109423,40.9094733091
79,-11.296207234,14.6450653742,38.7349416717
80,-8.97787300324,7.90082819382,37.0027830241
81,-24.8676521537,5.69754046866,29.0391559275
82,-33.7668412706,-4.14062004961,22.5087206953
83,-27.7093038502,-6.48600192795,31.569629746
84,-27.0034735083,15.7729730626,31.2846796614
85,-6.02402857065,28.8706034083,32.4795109946
86,16.1089212986,32.5027414751,25.4721643423
87,12.7357556163,41.2430861054,8.45153794236
88,9.37159215417,29.4929396423,12.0545394747
89,24.5827246794,29.8439189597,15.7406339606
90,28.7640813947,42.9425724453,12.8637300405
91,9.7799398762,33.4603381517,23.5214225814
92,-13.8906556425,27.0224695878,29.4331105992
93,-19.3382409921,19.8013445738,34.7092415144
94,-23.1592050463,17.2747581972,28.9320558058
95,-21.9125027745,25.4576824261,21.0089112922
96,-29.0477645831,21.4149894464,14.7007067398
97,-33.1517363234,11.2795003653,16.4512788822
98,-27.8326795333,5.19743816984,21.5621522899
99,-8.26202646554,17.7069354629,21.7620459095
100,8.00555986872,29.7897995564,21.2186366227
101,5.96146977701,36.4032295402,17.7850412696
102,-18.3624990883,15.4242021293,18.1042441523
103,-3.17238966742,-9.57009116068,35.0956795319
104,-2.43101230209,5.11704415708,28.330879211
105,2.85520588849,19.9767159527,17.8344130095
106,6.83609625882,31.7321347949,14.692520895
107,0.290491009206,34.8986583782,9.61265861173
108,-7.7482915893,20.9240493936,12.3308391556
109,3.85063344127,5.56773388097,27.2595172035
110,9.86037719534,15.6334910948,21.5643191015
111,-14.2355692634,15.2812618572,14.1965249442
112,-35.4634970806,17.4532130451,0.52875571813
113,-30.1135812814,30.0883034783,1.70140010328
114,-15.9981474722,20.0509797198,8.30033835569
115,-14.4857302326,0.0298153697453,20.7239854761
116,-21.3962876441,-9.54198318728,23.7266655215
117,-27.0332819824,-10.6765773698,15.9493097508
118,-32.6680706969,-0.364859539817,9.02877631563
119,-19.9007551511,25.0006969359,2.28435017634
120,2.21845914484,33.9044714538,2.10499984167
121,-18.1083679844,-12.9642869003,-0.913466378295
122,-24.2952007903,-15.6742716499,-16.5132229236
123,-12.1503199225,-14.8573155617,-24.0246995998
124,9.12778608282,-15.3671149358,-3.62573451083
125,30.1286656805,-30.3283232018,6.02295827438
126,30.9808318521,-36.8740115138,-10.4512546861
127,12.8203870401,-30.7856419848,-16.6649359059
128,0.361427916057,-14.7890608938,8.82298201202
129,12.9174942234,-23.3153606857,22.5352335735
130,6.09930713374,-21.2886992793,8.4880517053
131,-10.4275212333,-17.0637146266,-10.9661005949
132,-11.3655557502,-26.4583528092,-26.3378560052
133,-25.504859178,-21.8815942487,-25.0532179162
134,-29.2323810242,-21.2191982888,-13.6820853095
135,-12.9637712778,-20.9524437299,-11.3673677368
136,9.475707302,-21.1491455895,4.17370312399
137,21.5750013203,-21.2537277428,21.41899739
138,28.4885784188,-28.2857834016,21.9141022221
139,20.1712947934,-28.7810143198,4.95472744054
140,8.02531221,-29.4750490263,-8.53708898298
141,12.7482326302,-37.8031276955,-16.1211137592
142,7.97570584352,-48.5455710439,-22.4111002227
143,0.673252646652,-42.7915938875,-25.0379385605
144,-5.70028406203,-27.0599695575,-10.1560246935
145,-20.3013361437,-26.5434170408,3.62115594086
146,-11.3505451402,-25.1415773207,14.9375333806
147,10.6495092775,-27.5971817646,19.3156115636
148,23.1905107233,-32.4081288868,13.0079817289
149,20.747338621,-32.2713613253,-1.57084381052
150,18.2431818262,-39.6753413041,-11.5194390335
151,30.2287386085,-42.2121867404,-9.41036081799
152,38.723594345,-40.0128801802,-18.2465506849
153,25.8326254921,-39.9862550984,-24.2727338852
154,24.4281261426,-49.1603813231,-16.0414418975
155,31.0845146618,-44.5168310801,-4.75343104812
156,23.1644013343,-39.2686155119,1.6100705493
157,12.4758232377,-33.026119237,-0.218747180022
158,-1.35549407153,-23.2996014983,5.57709662764
159,-13.8525159285,-28.0196590476,10.1931561728
160,-20.5491115035,-31.4049841094,-1.40428953881
161,-18.9518684967,-28.6773347755,-12.4198463425
162,-1.38656282041,-34.1524202284,-5.61949734058
163,16.8995782647,-37.9241682062,-0.912786908662
164,17.4815735859,-43.8477185042,-9.44912739951
165,10.5304601526,-47.7999216213,-15.9187643478
166,-0.230658030199,-36.2807650298,-12.3392435873
167,-12.2396236776,-26.3114072637,-15.8289853514
168,-9.83978480407,-30.8565895807,-27.3475069065
169,-12.2896575251,-35.5009982066,-37.5073917975
170,-21.7202320682,-37.2831520307,-34.031557927
171,-24.8852520836,-33.9750629738,-12.9775072108
172,-27.831517309,-35.2672774047,7.1816704124
173,1.67793097134,-34.7265893918,8.88269605072
174,4.25645384553,-44.5275839866,-11.7336874982
175,22.6755571326,-43.5686793459,9.22859707625
176,6.68465378224,-31.8413086814,18.8179830077
177,-4.03926213345,-28.9050216836,10.953832204
178,-12.2896816123,-31.565925437,15.9024229318
179,0.18868290046,-36.5996596768,28.0886243479
180,15.1218976338,-39.2135717317,19.1116688766
181,-3.12549653049,-40.0181027701,3.00679108592
182,-16.6785492653,-38.5468340359,-23.978779073
183,-14.8838452718,-47.3305113294,-35.2442685685
184,-10.8333068519,-48.2741120034,-22.6578186411
185,-0.418577700883,-43.5101097174,-13.7758200095
186,2.97105649337,-51.9506749385,-9.48356094934
187,-5.57572550981,-56.9889450426,-8.32331412834
188,-12.0809326149,-49.0434625209,-7.61798881813
189,-3.07311255651,-43.1380483305,6.13716926268
190,5.15201115483,-40.7426994268,21.7806238961
191,-13.6191963872,-39.3931501523,13.6953460809
192,-10.7070082503,-51.7947219006,-3.29172836989
193,4.31662797061,-53.5617895189,-2.37878409487
194,-6.1376449623,-46.5670358296,7.91146611367
195,-25.048097805,-44.7403140923,2.74672836611
196,-26.3489774283,-40.9509065968,-7.92460248766
197,-17.6244389617,-43.9494578806,-15.1104933708
198,5.58119947002,-51.8064040766,-7.89336441944
199,1.85053347803,-45.2115647545,17.2995294715
200,-15.5162868848,-55.2437596595,1.03933509042
201,-7.16695532808,-66.1040538592,-3.91862815073
202,-0.899447794666,-59.026740383,-1.24530871849
203,0.897711420337,-52.780173427,4.98467358374
204,-8.71148525939,-49.5442636661,16.7745314632
205,-25.169638498,-54.4901838751,8.68669159979
206,-25.845331804,-60.5343370277,-4.67653988959
207,-6.49090533791,-58.5952001229,-12.1353777245
208,46.3917780761,27.4047583012,18.9983101867
209,40.7692736017,32.7908563378,26.2153748112
210,43.3917058475,39.2423026246,33.6238654528
211,53.0604990102,31.4777275098,33.6194096431
212,57.261004931,25.0659032141,41.3376287005
213,55.8859768513,35.1256556019,49.172611473
214,50.8936571991,45.7269973227,57.0797393698
215,52.6314695707,26.3423936929,49.31485195
216,43.1930498958,14.6748509875,31.4646621131
217,34.004415023,20.5362443492,29.4700504253
218,31.8704358979,31.0653197989,30.7346772073
219,26.4129139169,36.3158397067,38.0525040337
220,28.4986716393,31.3010499715,46.636721909
221,31.2895900813,23.3896428826,42.506149364
222,30.0584643436,17.3452377363,39.8553166509
223,33.9594134036,11.0949379366,34.1013323593
224,45.3274829836,21.7051199157,39.2647303165
225,49.8066275108,40.4038423922,47.2554942808
226,47.3246159166,34.8049553694,56.7578225378
227,48.7209732924,24.1880642876,47.9683597427
228,41.245477774,19.465286958,28.2282649158
229,33.6440001048,10.653939921,27.1381124835
230,32.9629193985,4.35975093184,31.8801263205
231,38.1201633087,30.0552370696,48.3308543327
232,32.738500051,52.9880571747,61.3115555957
233,30.1604742459,52.4085071091,52.4258474957
234,22.9639504424,42.6775950952,59.258484889
235,34.7213626543,34.2642307371,69.0054106874
236,44.4581585402,39.3289871967,52.5902313778
237,40.8116051371,17.4223749814,51.3887107887
238,31.2096447676,-1.51013481193,65.613036952
239,28.5845449049,-3.25993496327,56.4226997951
240,34.236397817,2.07349212259,47.2628211354
241,39.8626013964,-5.88521292837,40.255379611
242,37.4974842893,-13.4611110354,40.564749942
243,27.4406014665,-5.45753390405,39.7314214869
244,32.2888667405,10.9909510507,44.2303510876
245,35.982219475,24.5392450913,67.087386997
246,23.7055583094,36.0161147694,75.3797419803
247,21.8197559273,36.0435553549,65.1112866122
248,31.8776020594,39.5708097753,60.4527263827
249,36.6818749223,43.6666545373,54.1867499993
250,36.657929986,34.2167182283,48.1636507528
251,32.0282186622,23.970992076,50.4475778338
252,27.2298740173,9.29804152144,49.9571130514
253,33.1692583987,3.54306237948,58.5390553234
254,31.3794378757,17.9764728581,68.718180714
255,41.8390102267,30.8484076442,60.2784136362
256,-24.1896952276,-2.07829976631,-3.22488388836
257,-14.4619128485,-6.88827478008,8.45122603575
258,-9.8726820469,-19.5872247461,8.76475132369
259,-13.6761045565,-23.5058357814,0.222746484818
260,-23.2196543213,-20.6934739083,1.72989252204
261,-22.3561010268,-23.3568765121,12.6074025661
262,-20.2902018726,-20.0075459223,19.9154690121
263,-16.8213836662,-12.7752811276,19.2828409679
264,-26.3209206375,-2.72749922012,9.81471777296
265,25.5948416757,44.6164082672,5.30388323951
266,9.78731828053,-9.67670899191,29.9516732588
267,52.7818261642,-4.86420678291,-19.7058593284
268,62.3483254933,5.73046855099,-15.173437763
269,55.2255211022,-0.454504055271,-28.2675710108
270,50.4168944251,-13.1000200261,-36.6976380776
271,55.8223349324,-19.4795606243,-32.8660532402
272,59.9919756186,-16.8862290727,-24.7923371385
273,57.2211913701,-7.71615551453,-39.9576992081
274,45.8033243968,-8.83360284612,-54.6414286911
275,47.8136787391,6.34168550618,-46.4873652987
276,50.2513365291,1.62217565756,-23.3309659221
277,40.8426559089,-9.37154610943,-12.314947433
278,32.4795933627,-9.26070901973,-26.8679314856
279,42.4336859145,-1.99195418586,-39.8218797701
280,51.7475892457,1.02808806947,-35.1986527692
281,53.0844352621,-7.3957947665,-37.9408867805
282,51.2585973956,-9.59318758148,-45.4169736961
283,44.2874326805,-5.01807182543,-49.6262148167
284,47.755844983,10.0855332336,-37.037241575
285,-33.8582081899,26.5977592675,46.9760032405
286,-38.6744606676,34.6140723822,32.5547183082
287,-35.9291529142,30.4133542137,27.6639884181
288,-28.6585903502,27.2007940141,33.256550043
289,-21.1939734744,31.0369182992,43.3886418884
290,-15.5200408942,25.5718638788,54.3018729671
291,-23.7059866508,15.9515271732,58.2330973503
292,-35.9606148187,12.2149995121,55.0276574768
293,-35.3150763622,20.6506922357,52.3637323648
294,-33.9561189892,28.432070304,54.063578547
295,-27.6562084957,27.704842529,60.513728617
296,-19.730905674,27.4219647433,60.1774126043
297,-20.9421259013,30.7659838217,50.8979042826
298,-31.2550102213,38.0600969446,44.9306817206
299,-40.2122682609,43.3691211806,28.7487346598
300,-45.6313993004,33.9835906606,24.2819777663
301,-40.5034929582,27.6038591835,45.6161146377
302,-29.8388226565,23.2936371474,69.4952811929
303,-9.14407840521,-9.67512403176,-15.6075463105
304,-19.6403480894,-12.0201517132,-22.75325761
305,-14.053138966,-9.99862869002,-33.1917348863
306,-4.32074122693,-8.59359773045,-28.4169902498
307,2.29111264666,-10.9743516469,-38.3563203185
308,-9.88950641475,-19.0448947116,-46.1729180113
309,-21.32336641,-16.607304547,-33.7805118671
310,-26.8727321715,-17.8365208157,-43.8056188211
311,-24.0695333629,-22.6443126281,-53.8144608975
312,-14.9127356973,-30.0300196169,-44.9038550568
313,8.42340099494,-24.6394854332,-50.1645767823
314,22.7350073732,-34.5964632233,-43.6179614743
315,-2.66050849812,-29.032121264,-49.2586366135
316,-29.3606511062,-27.8411850894,-49.2125914719
317,-20.4119500763,-28.4467294081,-40.6528123944
318,-10.1765591364,-23.0388731796,-42.1174870705
319,-12.8933108262,-18.3066179568,-32.0034938895
320,-3.91310092712,-27.8779324284,-28.3990027119
321,5.27335792634,-40.9728700746,-26.359922361
322,15.9288570172,-36.0197337414,-24.6846092478
323,10.9988064744,-27.8615250867,-25.0121507426
324,10.5782265333,-32.6479552537,-38.6072194174
325,13.1723356573,-28.2123461367,-54.7601980912
326,0.325139159969,-24.2454349099,-63.1068465761
327,-14.6603379957,-34.8091542358,-60.9920906773
328,-28.8683689798,-32.9650662238,-50.8981901776
329,-31.4956944529,-19.8670318051,-42.9992481672
330,-24.300420366,-25.6820059796,-30.0142453425
331,-11.7640707025,-33.9807891616,-48.9614076205
332,14.2404152906,-36.9666782616,-52.2892136046
333,17.6689685161,-44.2437903452,-42.7787082525
334,14.5766887426,-49.4086294701,-31.6728621488
335,5.92936667896,-40.9985855828,-35.7639143572
336,-0.113465805662,-40.3792541558,-45.6559853174
337,-0.163143117698,-29.2366138621,-42.337083343
338,-2.14482278586,-24.0920568095,-32.1290947987
339,3.88675381443,-31.7665165845,-29.1098802642
340,-1.97835041648,-39.9139871836,-38.3947482056
341,-12.6745919739,-44.2486415269,-47.3304767045
342,-16.2825983617,-49.6036119056,-40.7767847519
343,-2.82978079898,-48.3500995893,-35.1940013122
344,-10.8638308232,-43.532404321,-51.2364424706
345,-24.4838211476,-28.5210718432,-60.7218987725
346,-9.98057973766,-25.1155424752,-55.3476063221
347,-32.0864591632,4.7039449245,-17.1272679601
348,-30.7605007046,-0.722252209995,-31.1273182007
349,-39.9565700693,2.6521503643,-38.3881465038
350,-41.1591433494,9.22682514808,-29.5261512783
351,40.9249447366,-52.3215226394,-3.6400641289
352,38.9828245543,-31.0518198667,-7.42995571245
353,33.1403849842,-17.3099580097,-21.9792881158
354,42.4978133061,-19.3519608808,-40.249788889
355,43.3822989252,-29.3812713578,-44.9433058171
356,50.9447179152,-37.9483088222,-32.5268320264
357,58.8078661639,-31.8516661226,-20.238551366
358,51.3069414103,-31.5246490243,-13.5510976514
359,43.3124523939,-31.3226877819,-17.1489824354
360,35.9792624252,-23.1985247522,-16.7883257973
361,42.5184759988,-23.723308011,3.12639648689
362,59.4441744428,-24.4521147427,2.63094729202
363,55.7607632316,-18.5101738022,-5.1332949871
364,55.7691133078,-27.7564967727,-24.5272547858
365,47.9091195153,-34.6356388621,-42.826807534
366,51.8497846235,-27.183762419,-48.2068560624
367,53.8678655746,-23.4036543498,-35.1073836652
368,42.2148160891,-14.0830496591,-21.6566012879
369,49.0355467444,-13.7558069543,-6.1388689624
370,51.5745044285,-28.9662234861,-23.8100695932
371,64.9334225324,-23.4291098425,-43.7541604981
372,61.6088032584,-15.4265732424,-39.924690198
373,50.8469164412,-16.0476657153,-42.0434784567
374,44.1894577675,-13.2727393446,-34.0348627415
375,50.261605871,-10.6950644713,-23.497287712
376,58.7741633964,-11.0338958046,-16.366647133
377,66.4494394443,-10.5602180179,-22.0158871014
378,67.7442136805,-22.9004196356,-29.9475666343
379,71.010212855,-30.292155828,-16.6122253414
380,61.6001315802,-28.2434867769,-9.68378561736
381,59.287814185,-20.924269352,-11.7071165897
382,51.7714296641,-17.5466757646,-21.1599247969
383,47.3424597733,2.29940293418,-16.7356863286
384,55.1804177545,14.7874237088,-16.09724533
385,51.7409997386,19.8653917902,-26.0661827448
386,50.3355595396,18.5480294149,-39.3642733662
387,46.7708528843,13.6246593561,-48.3906785859
388,47.9224326782,6.9709436434,-52.7649723659
389,56.6714325622,5.36063344208,-46.2606471897
390,60.3607061653,18.4204571019,-37.3332159526
391,63.8987265495,24.3258405593,-25.7038155332
392,62.9039427575,21.1572971447,-19.0459995041
393,62.0992265081,11.7934085832,-13.3685478678
394,57.6468838979,1.8366152835,-14.2602543122
395,37.0563667064,-36.931599984,39.6459695982
396,33.6639387545,-59.2726187686,44.4968290282
397,34.8925473392,-55.9909575621,34.5703686299
398,41.6613128076,-48.2817945704,41.0847060495
399,47.2241083969,-35.7662976267,45.2998629124
400,47.7762001422,-28.5822026174,27.5175407717
401,43.6165229787,-42.6303790741,7.74662850635
402,38.062227992,-48.705297092,19.2584033734
403,34.7528421948,-41.3481297992,26.8083051915
404,21.7212896113,-42.4499050061,25.6738135605
405,18.5010214583,-50.9263357437,37.708002829
406,34.0179073925,-50.6073207241,40.1222929429
407,40.8999782183,-41.5933057391,34.1059901553
408,43.5565315071,-37.2159188921,22.2078334273
409,40.2513712063,-42.5402253577,13.0149122934
410,49.0779014786,-46.4281542218,10.7515964031
411,51.834200787,-35.2147107045,19.3266919506
412,47.4869897273,-44.7502184545,34.7459697175
413,30.752488173,-46.2448687202,30.8219127093
414,42.4903932021,-15.4827973916,-50.2689780226
415,41.9687344448,-20.7837305905,-62.0661702557
416,3.43518318091,35.4594850519,-11.939506814
417,3.12471772853,41.7775750033,-26.6852523558
418,19.6557730105,30.9646919449,-30.5666006871
419,23.1877318938,30.6416905245,-16.9712722044
420,18.4482341454,37.4990240445,-2.20302155882
421,11.8046851547,27.8302672203,-3.80626033558
422,7.42588732558,22.9573044068,-10.1562971393
423,6.53572629451,35.9545680969,-24.3831814508
424,-15.9594756978,37.5709999449,-27.9723816572
425,-20.6382147286,28.5801246341,-14.2407992357
426,-27.2847217511,21.7251086597,-3.08678872697
427,-24.669057005,13.2790596006,-10.5867940341
428,-11.7402670837,18.4748658059,-15.3930499882
429,-6.37182996976,32.154787094,-13.4108155175
430,7.60158763589,29.8263899604,-17.4733101093
431,18.3466845633,23.022607918,-23.144306507
432,7.03367869637,17.1778998572,-28.7229901647
433,-5.4426482279,17.8999346311,-22.3826282899
434,-7.1428781093,29.1596686961,-18.1567432917
435,3.99986419815,26.0731487233,-17.0782675415
436,5.7056546216,12.9374364096,-15.3005043369
437,-2.72653558043,5.40924971986,-13.0492783522
438,-7.84229499738,14.5586001543,-23.5264172883
439,-7.14057787949,30.1080381267,-22.7191800157
440,-14.243365024,29.1039786826,-17.0864868927
441,-4.27059483435,13.6627872555,-25.7736414065
442,22.9115819004,15.9613376594,-23.0158510251
443,25.0822194642,9.4485632668,-24.8205823658
444,14.9722149769,0.710708177238,-21.3878948943
445,1.38930259899,6.4134974004,-17.4940119182
446,9.68072311817,12.4016319505,-20.2167885045
447,18.0119990373,7.15955229633,-24.6725186607
448,13.7643520569,0.376729579054,-29.9469279293
449,3.83952755218,-0.907976024913,-27.7820728246
450,-6.5388754397,-0.124611714496,-22.124438936
451,-15.9740493309,2.98955515724,-25.9589193048
452,-12.8594206503,3.69470830765,-34.9334883813
453,-2.88298889248,4.14224323927,-30.6598437126
454,-17.5792015591,6.31048786207,-16.0343332524
455,28.2875253627,38.5873474357,-4.84702246341
456,14.3535412168,13.3522526517,-4.22128714594
457,22.4015201286,8.79168073741,-7.66068249081
458,29.5839548332,7.19007489983,-11.0894817468
459,37.2076479487,11.9143094704,-16.9819379113
460,41.4050187622,23.8851546916,-12.587825075
461,37.3331426382,30.5092050081,-5.08737800007
462,29.2343530701,33.2184730253,-6.95125417077
463,33.2301460355,22.6602648077,-19.9233069761
464,42.3180380835,5.26655970314,-24.1117675141
465,34.6399659583,8.28703268536,-11.0851323067
466,24.2054394877,21.9193801327,-6.62177750345
467,20.4570335304,16.3136361041,-0.319998282138
468,23.757703733,10.0626799406,1.49488089581
469,19.7126400837,1.72659026481,-0.00560802892089
470,15.3323185087,3.5618331664,-8.52711258636
471,8.00964320139,8.85486246996,-10.0718139573
472,9.09217075311,16.1434557485,-4.76828025051
473,11.5277472757,22.4218548841,-2.05742980994
474,17.5356641665,27.0310162744,-4.57937596105
475,22.9783420063,13.4143625372,-13.1513708212
476,36.7751736126,-1.48178005547,-15.7698338499
477,46.9817147831,10.0663409398,-14.4541977685
478,45.864736403,15.4837425631,-26.3900457566
479,43.0584028511,7.79873966766,-31.8880231593
480,37.0867686044,4.64928311902,-25.6071688046
481,26.2616569416,7.85225000306,-19.3471286023
482,9.89129166631,14.3080567168,-13.4645090882
483,-29.3108826913,18.2102220171,-36.7935431129
484,-30.0430797189,15.0216327213,-20.133847101
485,-25.1963682802,25.1847382971,-22.4470289685
486,-17.2262723071,20.8859023281,-34.6249511038
487,-22.1886072543,4.01987876902,-34.3485966988
488,-15.2150526263,-2.80420687969,-23.9096615108
489,-23.2473236297,-1.34460104296,-17.8522767628
490,-30.630560396,8.99750007636,-31.5263229914
491,19.4458600025,-7.76887425661,-30.0800219941
492,10.2171663367,-14.4564982563,-17.7198484531
493,12.7748646285,-23.4904468063,-11.0271431011
494,22.1744651146,-18.0253505399,-5.9419396872
495,23.7964908843,-12.5018301961,-12.0509191566
496,14.2044480322,-11.8280546159,-27.6242440906
497,13.9309287927,-7.37862628937,-42.1541844056
498,19.3291365786,-6.80654175366,-47.3146542415
499,30.6911587537,-9.61499452761,-46.6706194797
500,32.8568116696,-19.3748992559,-38.4730036129
501,29.2553339482,-24.93989526,-16.6840296156
502,44.2314274117,-39.0736137484,-18.403067604
503,45.085744402,-28.7425404138,-31.6280991133
504,35.1212952055,-21.2084228007,-45.0120633137
505,26.8878948733,-14.7366966471,-54.163870632
506,33.1420525058,-3.5576852035,-51.0540581588
507,1.94311052111,-0.672451102007,-5.43777752303
508,29.2965058304,-4.18081541882,-0.0822780247715
509,40.6106856717,-13.7367512174,20.5872254922
510,40.9231717371,-24.0208771484,20.8040236133
511,20.4379703819,-14.3930260643,1.69714139545
512,10.0202802227,-4.72763148924,-17.4442441753
513,16.9472961691,-4.42127143513,-21.1769530791
514,23.035571428,-8.36511078559,-13.1142170604
515,24.2011890742,-9.98272362396,-0.502735491784
516,30.9381526979,-15.1438685845,8.19221530381
517,39.003353509,-16.5453870527,8.30255036697
518,38.1195163122,-12.1729919699,-1.34132166477
519,31.9485062091,-6.42644886882,-7.38659382704
520,27.8200321672,-5.57080420935,-14.7883599915
521,34.7761489965,-16.4465447191,-20.8501217579
522,41.1277316159,-19.1363570892,-8.42954240478
523,37.5051314193,-22.8809153352,4.50148612402
524,37.3798938826,-30.7583997519,16.0943803982
525,26.3526363793,-19.4070062637,19.3191497707
526,14.0499990301,-13.0880536678,-3.62521071888
527,22.7187616661,-43.4542772954,-40.152317499
528,14.2769916049,-43.6327685795,-29.6467214174
529,14.6249001492,-33.2965398538,-29.1168587636
530,23.6055571371,-30.454931043,-32.1522299781
531,32.9954598533,-35.9662953474,-28.2254683766
532,27.3079337868,-34.1313093533,-19.0621121711
533,22.1017106704,-26.7373190858,-13.1590040184
534,22.1447284538,-22.7766533017,-22.3531618247
535,34.1007291695,-26.1043428884,-29.2105514674
536,37.841002887,-37.539889504,-37.8702722119
537,27.6391647068,-31.1820589819,-46.7785777534
538,19.1432200716,-24.146958326,-49.4051718566
539,14.093989289,-25.5431572811,-42.6554549518
540,12.4425469305,-24.4085258508,-31.4380964461
541,0.960044710293,-19.4637275839,-25.114473609
542,-6.35326195385,-15.6913615477,-31.5984278736
543,15.1672963507,-21.3489266881,-44.1563864472
544,33.9973729738,-31.8031278897,-34.3736470864
545,20.9188178884,-24.1466744127,-27.5197373731
546,31.2236698252,-25.5267101235,-43.8516608123
547,25.5243865822,-22.4149215684,-59.006729688
548,11.5766548747,-17.0499427312,-65.348839989
549,17.8909999592,-9.74847679994,-60.05593959
550,11.9906497305,-11.8786691518,-49.008745475
551,4.04716651208,-15.8013915051,-37.3338680889
552,6.6866522812,-16.3943383348,-27.7760463852
553,15.8590992772,-15.6591517729,-42.2099083241
554,27.4238192652,-13.4698870535,-48.1007196635
555,29.3761386041,-12.453191639,-39.459859119
556,57.2447120389,19.8338775903,-1.96752823935
557,57.4579055896,33.7087166822,4.88872987423
558,66.9401681481,37.8826683192,3.04798871729
559,67.4887300692,45.5908179076,-3.42184304173
560,61.5503772224,52.9414452797,-5.19210189099
561,57.6610320801,57.7823420186,-0.00522495446561
562,64.5782900667,58.1887778165,6.90415351453
563,67.9714969296,49.6796794683,6.71965225346
564,54.5289266752,44.4049934914,5.03170062416
565,53.1970448152,26.3840840322,3.37074143169
566,-37.4628339184,-16.2062372216,26.4213326791
567,-33.385143605,-3.02312596529,42.2591663191
568,-31.3510723336,11.9258044841,47.1474338482
569,-37.726822629,16.9232330064,42.6690670435
570,-49.4145899281,11.5027816653,43.2548160109
571,-54.6005230944,-2.61397307811,40.2400605481
572,-45.5317902926,-13.9441556598,39.7315166663
573,-41.9031274236,-3.23020883121,40.0460751114
574,-34.955969804,5.3404004869,51.3150331641
575,-28.556358341,-2.76877581498,61.6482722408
576,-34.4400007097,-7.91237904702,55.403293235
577,-38.7949415776,-6.53686673486,45.8965569797
578,-36.1645448874,2.99874885692,46.2174625819
579,-35.2303187222,4.91508366118,36.4884558747
580,-40.8728413834,-1.08673480022,31.3762853063
581,-45.8139918932,-14.7300486824,34.9153858209
582,-40.4603936835,-18.8780325308,48.2197785124
583,-38.9978622399,-3.31017684671,53.8340220566
584,-11.9200322734,-6.88898391343,-50.281849291
585,0.231296428229,-6.79932729815,-44.8108041042
586,-5.65383637102,-11.0216766256,-39.7840632016
587,-17.6926320405,-14.2451577513,-43.3623745141
588,-30.727104189,-12.2564188736,-39.7448311246
589,-18.9139413654,-6.56155584138,-28.2962713597
590,31.966461131,52.2327133093,26.4681848177
591,18.6883861312,51.5074004472,20.0241512541
592,1.80425984133,43.9710527622,11.6435901766
593,-15.7458148994,41.8492386703,5.59082389909
594,-29.6360724123,42.5653150179,16.4300572238
595,-34.0878585337,40.5272078732,30.1004600626
596,-14.6958336818,49.1875755075,31.1135154232
597,7.91626291663,43.6667277237,23.9562778545
598,10.3052025122,52.7893218602,28.1757828036
599,0.60098145194,53.5613300809,30.1350917898
600,-9.6362700194,45.6076242682,22.0716039609
601,-21.8899591355,34.4308317627,14.3285711671
602,-27.5134835354,34.3574966286,23.7720354421
603,-23.0901657867,39.5101211671,31.1601290275
604,-15.2008720867,39.1254350578,24.5609182035
605,-4.50530724956,38.1956707416,24.39114819
606,-3.47370836115,43.9523501356,31.5063148661
607,-7.23388052606,46.88388042,37.7923195018
608,-15.4062287008,48.151410141,24.3732407734
609,-27.8695944367,37.2403396955,27.2763906088
610,26.4994719061,7.54272191721,-1.41606445524
611,36.560171722,17.8463047511,-8.38914406632
612,43.1571054864,11.084613819,-5.73463647964
613,36.1550200273,-0.181524105548,6.40002713905
614,34.4706123132,-12.1639177791,23.0722735705
615,46.8673748428,-10.1569951767,19.1039107533
616,42.6491983309,-4.60470613455,6.16069333831
617,42.4011920231,3.38957897891,-5.38987386511
618,51.5535155548,6.53863953882,-4.42426193002
619,55.2665020525,7.53094219862,10.28030989
620,33.664890267,0.690204146374,13.2092763742
621,26.2235644606,-9.40791304913,26.1211306231
622,40.881458097,-4.50682791693,26.1357832777
623,51.7318390965,-2.21113935576,15.6617479231
624,53.623925699,4.43126756895,6.0422323235
625,46.1839866723,2.69387004289,2.89008776853
626,44.8702599088,-4.52376270321,-4.03283533526
627,53.5051034096,-5.11580769116,-8.8676911833
628,55.9552783909,5.30376232369,-8.23802652781
629,53.7491733481,15.0095295579,-9.86793376392
630,48.7290981601,20.8901072778,-8.21308988025
631,45.7789131998,12.4536076349,5.88106317298
632,41.5951106639,6.0812568668,18.6191909898
633,44.4569653576,4.03793996205,25.5955316369
634,49.6776045487,3.66635620635,31.3088785476
635,57.4675318933,10.1415306564,25.6392996271
636,59.0066640929,22.0335793951,18.7558263517
637,43.0504677388,18.1615798503,6.6128626157
638,39.367336153,22.502842349,-8.51505487335
639,32.6203435489,27.9758643301,-3.3176411808
640,38.6307089008,29.5430157286,3.21417130642
641,47.6501332775,29.6748633496,6.20624490754
642,59.3320838631,23.8916994127,13.5489558585
643,63.908246147,19.9937764198,25.4888871022
644,62.5877727736,11.2919511025,32.1839450244
645,55.6555234189,1.93099679894,29.117251582
646,52.9432377933,-4.45830730432,22.721293338
647,57.2863135738,2.42803256505,15.7273734816
648,54.0051538946,16.9069772387,7.86244953679
649,45.1397273781,28.7056213678,-6.05599658364
650,-47.1161764892,52.2403809357,36.4619131293
651,-40.4000196448,72.3012706931,35.5434940113
652,-37.4402143001,69.9679187719,26.928939896
653,-38.3462726032,57.6795665657,27.4739597111
654,-45.28881868,44.6561361491,28.2579917874
655,-57.9456837176,43.9303801258,24.2741506029
656,-57.7179509785,53.041250002,20.7255468335
657,-44.3981522927,67.241042673,25.2504369064
658,-9.08008969635,-28.4863105226,27.6913314517
659,-17.2705127794,-18.2220240073,36.3298805015
660,-31.5703828978,-14.4516000986,36.7993711546
661,-34.6693586683,-6.47655897196,27.5232743067
662,-35.0820581498,-10.5326570854,16.3295270826
663,-16.4174709839,-15.303956111,26.8552758446
664,2.1330659334,-15.0902222922,40.1557603155
665,2.91968650769,-21.2159055055,32.4735144513
666,-4.22166402693,-22.5692256589,25.2985286607
667,-15.3215722407,-19.4367967534,27.7869092187
668,-18.7891720082,-8.11200403948,43.5831853961
669,-23.4830633779,4.33366693559,48.8411788953
670,-30.5548767002,-4.01904832687,42.3388908223
671,-19.5881011627,-18.2223803872,44.4245758612
672,-35.4059378511,-50.1515815895,-11.5617413979
673,-41.1561513615,-37.4513268104,-5.74417108589
674,-54.1650625871,-38.1199001588,-2.71526020918
675,-54.7474311239,-49.5131972537,-3.35365037176
676,-59.2411481569,-53.7809157423,1.65123931167
677,-64.1421505523,-48.2262411238,8.67826863683
678,-55.6858510445,-37.0618708611,2.78249603981
679,-41.9546983097,-38.5718007909,7.69450314709
680,-36.4469050751,-36.7253068853,19.2708753227
681,-30.7461859425,-32.0893568045,17.5323645211
682,-34.1417302226,-31.4958517998,8.04949992668
683,-45.4481254609,-34.3637025355,9.14968098813
684,-50.0850227643,-44.4408918693,7.49028655357
685,7.24339661559,16.612883121,4.60389741063
686,-2.89021459607,4.14508034948,4.42114458939
687,-12.9207458318,5.03174654111,-1.34047777201
688,-12.8866348682,14.1139543999,-10.4188554608
689,-11.5832934761,24.2322450987,-2.88763671666
690,-21.3186825385,20.7322139225,-0.965297996144
691,-20.0764158992,9.15111080225,5.29672348772
692,-9.03232510643,9.87658858252,9.31847969157
693,-5.10904591302,19.7865837759,7.5285565222
694,-1.53379727331,27.9138748276,-1.05344799885
695,-5.00967732611,19.9061259926,-7.58733497764
696,-20.2544445245,9.09143847241,-1.65255070183
697,-8.20859487679,-2.7057767131,16.8907866597
698,14.2597564291,2.02016241112,31.3365860607
699,4.8836406786,-7.35084229028,32.1732849024
700,-2.14410325715,4.38941844725,11.3914318169
701,13.7114396812,28.6896404129,3.25099771223
702,28.3414475921,17.0000251863,6.2673007993
703,12.8944096992,6.02714254024,10.1483097287
704,0.732232274845,-7.89337588867,17.5350812871
705,-6.89551060304,-6.86674898364,8.86891659458
706,7.04839273639,1.92481219765,2.15376854426
707,16.3361767402,-0.655345710121,17.6255199502
708,11.631666684,-8.76647423748,10.4352204663
709,0.917179245056,-10.7070650069,11.9181826151
710,7.21946733105,-16.1566025894,23.2582204657
711,12.4679491059,-5.25345151388,19.1163239217
712,5.89004328641,6.7518288912,11.225579543
713,8.63841227364,17.8436600969,11.8246075951
714,14.5145883363,8.65285067754,21.1939990684
715,23.0388430383,-2.76493812933,26.3166177157
716,25.9217010966,0.593540862626,18.990117383
717,22.281532441,13.2309180452,13.7763700765
718,24.2700084897,26.8615768064,8.08047959396
719,34.7082777199,25.5097515755,4.25444116612
720,28.8939275479,12.8376119123,5.2485084783
721,19.6822100569,3.69046276177,4.99746811247
722,18.0979768549,0.0261879892334,10.8917847552
723,30.4648525691,-14.0502524518,22.2444109562
724,46.4500814108,-15.8526887886,38.2212376119
725,-13.7387741045,7.87379899274,-11.7808310435
726,-23.0879017356,-1.87986468493,-10.6561159039
727,-17.9376621937,-3.64281327213,-2.94222041606
728,-2.62766656287,5.25761906732,-4.70863806031
729,-21.57919008,43.5248158017,24.3384557745
730,24.3171946591,21.4212013103,14.9529823473
731,26.3692463016,3.73259498424,22.2175658443
732,39.1071970765,8.60966672086,16.3471874542
733,50.8138334933,14.8431974859,15.6076948616
734,50.4249920509,11.5948692798,26.5445029392
735,48.7015103673,6.85440397986,34.2749345311
736,51.3902833535,-4.7407335364,32.4248497153
737,51.6006664217,-15.7492746064,24.561963037
738,42.5672554229,-18.7127806155,28.6567942883
739,36.8831181151,11.0519045813,21.6587422038
740,39.1462845111,41.4324393329,15.95260836
741,30.7491762673,40.1147245672,21.6624931818
742,43.804611494,20.344918725,25.1848384283
743,66.0568598547,27.8775159901,22.9908945962
744,62.348856793,46.463726984,10.2661715443
745,56.2130009802,51.2640090247,11.8010327613
746,40.2380981417,34.6235146112,20.2273688797
747,21.3746290061,34.9074849502,35.8189511753
748,24.8444323096,43.8079809574,28.6223915213
749,34.98804156,42.5417080743,26.3649492339
750,39.9369313611,40.8979803425,21.1070330093
751,47.1655776888,34.8500306515,21.2391255016
752,56.7228089727,32.1591391558,19.2549263279
753,-23.3662056553,-40.6274750184,19.6828049325
754,-30.7715089881,-52.4019346619,13.7254972038
755,-35.7733191922,-50.4392078645,20.1701279468
756,-32.2220972519,-40.4382358803,20.0569004734
757,-23.3086901285,-31.9985778094,23.0478178812
758,-17.1871926217,-39.2095907402,20.9437545291
759,-46.4361907894,-22.7118007834,17.1002826036
760,-31.1578157303,-20.875000663,12.9023074613
761,-32.883358048,-10.7177488481,6.31553391564
762,-41.9098333311,-11.0941690516,11.5378053234
763,-49.7564243507,-11.60250956,12.3141341149
764,-56.2426612697,-10.2967786032,7.63880275952
765,-49.9856065419,-5.24472933071,-0.152765795177
766,-32.619425446,-12.6454493959,-4.4137778865
767,-27.3445584861,-25.0368672514,7.16922551414
768,-39.7609505412,-28.8526247708,6.26635307834
769,-35.8618003805,-26.0869303484,-6.92510386091
770,-36.1857491776,-16.6413987119,-7.77987725359
771,-43.6228141095,-16.0615567652,0.913875481559
772,-46.3652610027,-19.5097912422,8.69292883482
773,-36.8593433105,-22.9710801897,8.66927748391
774,-33.1093125039,-15.7704971955,2.54535289784
775,-37.9455773237,-7.35733534844,1.08568791924
776,-46.3978119018,-14.2503997917,8.27567449889
777,-29.9834429697,15.3271865802,-28.4704181879
778,39.1836866474,55.3732501288,-20.4035207016
779,54.037363439,40.925675887,-5.59089441665
780,58.2354493384,29.8933280897,-8.54130454715
781,50.734242021,27.5222716088,-14.6775379735
782,43.5273007618,34.9598964984,-13.0877357566
783,39.4800013688,36.815839822,-3.27498178081
784,26.421765266,41.7745681271,-10.3546297949
785,26.1338202562,50.80565625,-23.376556107
786,43.2065712698,50.5232861402,-22.021907774
787,55.4353623666,41.1182919616,-20.3881972894
788,47.3283121667,36.4654931607,-18.5251781928
789,44.1069048084,26.4878076049,-21.5587574244
790,52.0712673307,25.0704195903,-25.1294757685
791,56.6026243801,27.6250366783,-20.1037209097
792,55.7737382023,44.0110123904,-15.0493890395
793,51.6705445588,52.7082225826,-26.9673577128
794,36.0039022137,44.5067988822,-24.325917625
795,21.0178871707,41.1084005959,-19.7681312876
796,24.0343059107,49.68894788,-28.7730828368
797,33.0526236973,56.3157616136,-35.8168804416
798,38.5139694381,52.427296135,-39.9126165205
799,45.0016078493,44.2993743704,-35.0996488044
800,45.8687054374,32.6551168499,-28.4711704499
801,39.4723408225,27.0215498701,-24.8468071213
802,33.4577829894,29.369387826,-16.4683293848
803,35.4387538214,39.1958602078,-21.4500022666
804,48.2767457753,41.6632289609,-28.2566571139
805,54.549947166,46.6116760464,-40.2192966525
806,57.7416808581,33.9208746165,-37.9880956555
807,24.8932573226,-7.83309228624,31.4840214891
808,28.6116262313,-26.0543380679,33.4513476024
809,44.0278984748,-24.0593022148,39.3209330696
810,47.0280854343,-24.0855188586,48.4500235727
811,43.1988783095,-35.8466399105,48.3753185963
812,28.6897948738,-28.375803421,39.6790003094
813,14.4529284309,-26.8577230001,34.7510056275
814,18.1168621652,-41.1044272273,41.8621027746
815,-45.0182044639,62.7718196639,-44.3763561796
816,-38.3484519142,63.6806415212,-33.3195613077
817,-42.149384687,60.5765922248,-12.0186061825
818,-42.9312823995,40.9633239893,-2.00664219547
819,-35.1674816819,33.7933736856,-9.91566577445
820,-42.9950414466,46.0117961497,-26.2311419203
821,-51.7598812735,54.9266411565,-46.3962164969
822,-41.4808625052,58.6840301335,-46.6956433398
823,-34.1676813708,64.7294008307,-29.6791180482
824,-35.4067760333,63.5034057409,-11.9078439286
825,-31.6411325135,57.6784342077,-5.69699644995
826,-25.7610106517,52.6428381109,-8.60686512456
827,-34.0294575943,52.7919007443,-25.9327178255
828,-40.9968241428,43.6220738012,-40.2607615506
829,-38.7032179831,36.4000241078,-41.7049841142
830,-30.0376186727,33.9831780728,-36.4210860089
831,-26.6576646038,46.573885053,-38.8342182426
832,-31.1747533504,59.5153139682,-44.0268187625
833,-30.5826989635,61.6579391741,-34.9143207666
834,-28.1740881059,50.7877445307,-18.3671123691
835,-37.4154945422,42.090459508,-2.17305749757
836,-32.6178136252,34.2518169553,-5.00829711555
837,-26.5529617046,32.4617983816,-11.2485612639
838,-24.7467214608,39.2864856735,-18.2060984941
839,-35.2397944324,41.166381358,-24.4389544081
840,-37.3631537343,42.8882039952,-38.1354676329
841,-32.6861141188,52.4046666494,-39.537551873
842,-27.8349347256,57.8199455947,-36.4775426382
843,-21.7626958855,55.7784839044,-30.7959419906
844,-28.8075366087,42.7058299326,-26.3681842127
845,-39.8594946418,32.3352395829,-24.8173192959
846,-40.6188758897,36.2972935987,-15.3689886897
847,-37.0644444329,29.0821096672,-9.85658785443
848,-30.4672366726,25.1441335531,-12.9821451691
849,-28.818698944,31.3126402623,-26.6978392778
850,-22.2161379863,40.9497758979,-24.8589679466
851,-19.2437281159,44.020353507,-18.284582569
852,-25.365241635,27.3096547775,-11.3253685202
853,16.6306912059,50.7531162318,47.0979975475
854,27.1329528234,69.0255850462,31.8605950262
855,19.5685083421,70.3660392783,31.1623878976
856,11.3298681773,60.0816614254,35.5861565667
857,5.3425195083,46.2490006276,42.9837134564
858,-5.39176538282,52.4383878263,40.6810505708
859,-17.6119687492,51.8803697989,40.2152461117
860,-10.1050440922,39.0570928485,45.3609231902
861,-3.71937790751,32.0312447908,59.8655381961
862,-13.292654465,29.6719514333,61.4315603025
863,-23.3433974447,42.0032317068,45.6851354499
864,-38.6087553386,51.6988396836,42.0185804009
865,-14.0784714644,47.9049918072,48.5648464152
866,1.62579401534,68.5225250146,30.3001951437
867,-7.48348576594,66.7773232947,23.4120290228
868,-9.3217666075,64.093522394,31.9250523495
869,2.82096674098,60.3472825151,44.7397140318
870,-3.54068214633,44.3266579378,55.4441046711
871,-16.172304195,39.6702084365,67.8665104455
872,-19.3233415144,49.0845191182,70.7042053863
873,-23.3486661589,55.418971948,57.3460184188
874,-37.0626004661,59.2147016573,47.87843941
875,-30.6659919212,62.1530284276,35.5734061144
876,-21.978889995,70.3257428655,27.330631397
877,-28.1854713655,78.1815176299,29.311406838
878,-33.8819328442,75.8203623356,36.8439141688
879,-31.3980478863,66.2843223384,40.81777199
880,-29.6948127552,54.3179214939,44.7245181766
881,-22.6747377655,44.5285011092,57.9774903575
882,-36.9142151219,71.3337640522,35.8740082565
883,-47.3079636098,53.5071589037,49.0741585538
884,-46.9597575802,47.6155676746,41.3560096147
885,-37.7414980147,52.5217088231,34.2224863833
886,-33.6262093354,56.3425609856,24.9106134294
887,-38.3418930213,52.9648935535,16.7798192107
888,-41.5049578633,42.0971046354,16.2993316764
