1,-5.6774,11,-8.86008730333,55.6094114315,40.2626114089
2,-7.4288,3,10.6041498913,60.6141869315,33.8098723277
3,-8.2327,2,9.75184360933,62.6895040619,42.5177171929
4,-6.9002,6,-2.42332486831,67.1992827546,49.9246148356
5,-8.2484,2,-15.8271409934,65.4352169796,54.12063387
6,-8.1714,2,-18.1778904171,59.0032931915,55.0908904761
7,-7.7703,2,-14.0744243249,53.8404359964,52.4292623169
8,-7.8237,3,-8.65259249065,46.7273955561,50.235736941
9,-8.3423,2,-8.62595558603,37.6282498127,51.2036377225
10,-8.1891,2,-13.5804193069,34.009791595,54.3012092899
11,-8.6633,2,-18.2875116457,38.6623767054,56.1295743593
12,-6.5124,7,-16.0457324213,45.4433481898,44.2513336346
13,-6.8923,4,-10.4870728238,38.0572495229,27.9162792927
14,-5.4391,17,4.09813964592,54.9999024766,41.1557199691
15,-8.0946,2,20.1752375814,68.7024393564,56.3210172447
16,-6.9817,6,21.2993363277,55.2177020994,50.3662869751
17,-7.4777,3,17.1324025009,44.2723500696,42.4563557703
18,-7.2411,2,9.95751827292,48.5735095817,40.3345522829
19,-7.8001,2,3.47879180499,50.5651462668,43.0462050236
20,-8.4799,2,-2.37995530137,47.597178061,41.2572475485
21,-7.9989,2,-1.39158262684,42.2081979785,36.5060307704
22,-8.1131,2,-2.47937151154,36.0838543785,33.4801882082
23,-5.6173,6,-13.0299642869,37.1789988396,40.8589763975
24,-8.6282,2,-20.9005848528,37.162203924,51.1428461719
25,-8.3921,2,-20.418362776,30.5894682467,49.2759666677
26,-7.3433,3,-17.9732585596,29.3172821356,40.580108675
27,-7.336,2,-13.7579091365,31.0828456588,32.8843479521
28,-5.8534,13,5.27122665069,45.8776000098,40.0942093729
29,-7.1606,4,20.7817582217,12.3764249026,23.3805304075
30,-7.4625,4,14.9473383517,-0.388683784017,25.5287826113
31,-8.4983,2,6.14130498627,-0.814648522962,30.4658887172
32,-6.9015,4,5.90917350994,9.63963196793,30.7798482454
33,-8.8007,2,11.6464428193,14.790966106,24.3483646028
34,-6.4882,8,7.55787636666,1.62310684648,24.3949429873
35,-8.5891,2,-2.79367938004,-10.5849150757,29.8384964529
36,-7.1256,4,6.31723049765,-17.1769327102,30.6170936011
37,-6.5499,4,17.8143906491,-15.7342956871,25.423532344
38,-6.9458,4,17.1101033091,-4.39867218877,17.1685684994
39,-6.15,12,0.00192924286324,6.00263018194,30.4713108051
40,-6.9411,3,-48.1053170819,35.7855693941,-36.6114081789
41,-7.4268,3,-46.2261435573,28.1361841498,-30.0728816177
42,-7.6516,3,-51.5137839616,29.861534626,-22.1087305468
43,-8.5904,2,-54.045788473,37.2195248688,-24.5434754739
44,-8.2257,2,-54.4201237054,36.4107994294,-31.8758007648
45,-6.501,7,-59.0809002436,21.826543875,-37.3637643664
46,-6.5072,7,-62.0939381878,13.313879809,-25.3829534793
47,-8.1687,2,-58.5236170045,26.2809281258,-18.9689756954
48,-6.5879,5,-55.2960226127,27.0180756295,-30.027190029
49,-8.6162,2,-55.1151383738,19.2196516583,-40.1361536154
50,-5.6712,8,-49.4482324011,22.6520847792,-52.8955184937
51,-7.4334,3,-45.7596950116,34.019440871,-46.8810256576
52,-4.8424,9,-52.8301464791,17.7406057569,-35.2957676365
53,-8.5284,2,-60.6991244464,5.02912431794,-22.2923605767
54,-5.5214,11,-51.2852486238,18.6252800633,-18.2614850977
55,-5.9829,5,-43.4839923182,25.8372299345,-40.586794225
56,-8.2184,2,-37.5279946494,26.5495021289,-50.2130319637
57,-6.6244,5,-26.7073867958,27.323994177,-42.895161665
58,-8.6494,2,-22.3709645596,29.4308893719,-31.6637381887
59,-8.2853,2,-28.2664560979,27.9725844919,-28.0022792567
60,-6.0842,7,-34.5836146395,23.911557522,-41.3127142223
61,-7.6215,3,-41.6777743064,15.5858654965,-50.7747365343
62,-6.5243,6,-46.8459069861,8.67046678337,-37.987593563
63,-7.1471,4,-57.2688826081,-2.39133340659,-30.8017997249
64,-8.4938,2,-65.8286384115,-3.47770644044,-24.7764209254
65,-6.2327,10,-60.5618516324,13.7966837993,-13.2741274726
66,-8.9561,2,-50.9778306695,24.7596644342,-1.56139145683
67,-7.9304,2,-53.5785653572,19.1306546347,2.31199797212
68,-6.9369,5,-56.0712724161,7.43930310913,-0.33661833448
69,-5.9764,17,-45.8475890421,12.0857380134,-33.8495366371
70,-6.552,6,-28.7345452539,21.4666765813,-36.300471799
71,-6.1856,5,-42.1509812193,32.4768882396,-30.0424590721
72,-7.2172,2,-43.4440777277,41.4020658047,-22.6823059982
73,-7.0563,4,-40.0786933564,35.9934397459,-14.8324375454
74,-5.8598,5,-40.9362796632,20.5177921607,-17.4640080554
75,-7.4519,3,-45.5360267682,7.92652027368,-20.8173998212
76,-7.6311,3,-47.3167570364,6.16710351369,-11.3613256263
77,-7.7103,3,-46.1081680609,15.1354250667,-9.69149531021
78,-8.5786,2,-46.6868391066,17.5596307796,-17.8834170993
79,-7.1765,4,-50.1922581296,8.92126381716,-21.7178654737
80,-6.3662,10,-53.8175927884,-1.5568244733,-0.226845167271
82,-5.7273,19,-46.8160337339,4.89284313302,17.9544210576
83,-8.552,2,-38.5216238355,30.9432971023,33.2376400128
84,-5.9682,12,-36.4518232867,10.45012575,40.9212336119
85,-5.9893,6,-43.944069728,-5.76305973715,22.8435470258
86,-6.0227,8,-39.8516934827,9.80523699238,9.58074561257
87,-7.0382,3,-36.4265515446,23.9772504536,16.9166516818
88,-6.0002,13,-41.6408962773,0.313108463518,17.4949468811
89,-7.5611,3,-54.6908205363,-11.8844029413,3.04904519422
90,-8.7833,2,-59.1230233537,-12.8616136627,9.85247881174
91,-7.1332,3,-52.4640979508,-16.3612387222,14.2478178779
92,-5.3274,25,-34.0522267683,16.0874493598,35.1498699888
93,-8.777,2,-25.2815379935,50.316338752,33.1491284065
94,-6.4681,8,-32.0676722653,35.0559167925,33.1292719682
95,-5.9167,18,-39.5718109117,4.88862786821,6.76105646869
96,-8.4486,2,-41.128975695,4.74889287767,-26.2247097891
97,-6.6275,5,-37.7334415343,14.1755603629,-20.4612927716
98,-6.4022,7,-34.1080130031,11.3913050723,-0.072539344884
99,-6.3192,6,-31.0759293059,5.36505570257,22.8663586027
100,-5.8043,8,-29.4418294574,16.4273395763,42.148751528
101,-7.6813,3,-28.39907406,33.450063237,42.2060689062
102,-6.8903,4,-28.7155656392,26.6159502009,34.3467292752
103,-6.0249,11,-26.4984721227,5.33765358645,32.0012083032
104,-7.755,3,-29.9767423352,10.0190636747,13.8664247878
105,-7.0453,4,-32.2097901469,22.0925785678,10.3171371086
106,-8.264,2,-33.3071554357,27.1348177105,0.955012489893
107,-7.0752,4,-33.1153749836,23.1579818041,-9.20552955602
108,-6.9216,6,-36.550505928,8.62440523917,-10.7485172469
109,-5.9261,12,-28.2248981869,0.554058564635,15.1185579097
110,-7.6635,3,-29.1022707533,14.9043656448,29.2630467227
111,-8.4852,2,-28.3821374379,20.4028812691,23.3311142637
112,-7.1046,3,-22.070774518,15.0967234488,20.9485940535
113,-6.5854,4,-20.2923766447,3.12767340148,17.0667186231
114,-7.3778,3,-26.448297719,-8.22679594086,16.4034020027
115,-6.9764,4,-33.5031196448,-13.4070601852,24.3945633302
116,-6.1731,9,-20.5894442716,-4.22876130451,31.1239610465
117,-8.5615,2,-10.1640879044,7.23779971727,19.2590424501
118,-6.523,6,-21.0268628935,10.2405193995,12.9107795397
119,-8.0655,2,-28.3560771537,2.09559108117,7.280287462
120,-7.2008,3,-20.3191803215,-0.303305226063,5.5150513118
121,-8.6858,2,-12.8334314493,5.29642916478,6.35228017704
122,-8.6582,2,-12.3880668314,12.4333501156,7.78060536511
123,-6.4197,6,-12.0263485429,11.9559340833,20.8193068392
124,-6.1684,10,-21.4532658989,20.0579375528,34.5534003105
125,-8.3599,2,-24.8970022343,39.8663229526,29.3614639853
126,-8.6154,2,-22.758092619,43.485772056,35.1805847173
127,-6.8581,5,-23.3057330603,34.543889068,44.0348074587
128,-6.4951,10,-17.1454522839,16.4372316002,36.3732584859
129,-6.3465,4,-18.1321517224,16.7411496509,11.8589426615
130,-8.4704,2,-19.0441875099,14.1688031222,1.70980942247
131,-7.4271,3,-16.6187262558,6.03770744484,1.21740188443
132,-8.6909,2,-9.00368534012,3.12394862413,4.86928526216
133,-8.7769,2,-7.60237983766,1.34497271065,11.9599945782
134,-6.8607,4,-14.7135541985,-1.44650856929,19.6351212081
135,-8.3598,2,-21.5019902033,-7.8546418752,25.5608756656
136,-8.4382,2,-20.9218199684,-13.0221866053,30.8531224769
137,-8.5752,2,-14.9064481676,-14.8713869621,34.397365145
138,-5.5635,6,-6.75785460706,-3.92823789894,33.0144526773
139,-7.7432,3,-8.43235308768,11.87318945,34.6729015429
140,-7.6251,3,-14.8683742808,20.2943693027,31.6508718433
141,-8.206,2,-17.3660540187,25.0771428322,24.938823715
142,-8.6764,2,-13.7597407317,23.3031664213,18.9078506954
143,-6.264,6,-3.28960955838,12.5722964314,19.3589980565
144,-7.5628,3,-14.1132400177,-32.6171912319,30.4332064161
145,-6.1918,11,-6.00076914245,-36.067674038,6.90838580824
146,-7.31,4,6.98756381067,-47.425796998,-7.89339899243
147,-8.3418,2,8.22350825837,-53.0497894328,0.8305167143
148,-6.6389,8,-1.79669925378,-47.8072521993,12.4117454875
149,-8.7905,2,-4.7640614632,-32.2826810458,15.3417480118
150,-6.6773,7,0.475817083334,-31.412528865,0.169068677397
151,-8.287,2,6.28388148477,-38.3863897634,-12.4410471103
152,-6.2383,6,13.7193928603,-48.7982971274,-4.95684766853
153,-8.2732,2,14.3461342679,-55.3216184087,6.84816649542
154,-6.1306,10,-2.32842442586,-49.9023545215,20.2657881893
155,-8.709,2,-12.3306823566,-41.7586808286,34.7932471502
156,-6.7134,5,-8.34833697616,-29.7062282285,32.1664737153
157,-8.0307,2,-3.12460457988,-20.8105293707,25.3893883592
158,-8.42,2,0.259516340465,-21.3608930592,19.0088679254
159,-6.8431,5,1.31329109003,-21.8906433105,6.39536004594
160,-8.6682,2,7.04305046245,-25.5388929143,-1.81238356577
161,-5.6494,8,6.64426408389,-31.2767809714,12.5359706044
162,-7.5288,3,-3.97535238265,-37.5068019505,27.5605575151
163,-8.6241,2,-5.89287747484,-46.13891785,30.3033025693
164,-8.6023,2,-3.43453749051,-51.9149263583,26.7217809496
165,-7.6615,3,1.62585787388,-49.2072808749,20.0411294287
166,-6.9272,5,2.48122572143,-37.1050031512,13.1014784737
167,-8.3861,2,5.5991067964,-36.0610234344,1.9739272919
168,-8.1057,2,9.91083612164,-40.6149579026,-2.11641993961
169,-6.3604,7,24.4059772432,-46.8812136688,-6.82559859519
170,-8.4763,2,39.0832106853,-47.8584495489,-5.0289937997
171,-8.4758,2,37.794833201,-46.7426730293,2.15244927589
172,-6.4195,10,18.4324453317,-47.449400815,9.50566340206
173,-6.4992,9,2.47759836493,-35.5012848014,26.1747123648
174,-6.2031,5,10.9422492503,-23.2199449311,17.6942933165
175,-8.2454,2,15.0559240346,-32.6157539938,12.0866998238
176,-6.3644,5,10.3738102937,-34.4189383323,1.38805291383
177,-8.5266,2,13.6682132389,-35.3930950466,-9.79448337891
178,-8.7432,2,19.7185549772,-38.7233924349,-8.46347233385
179,-6.8724,4,21.2687360288,-40.699504843,2.39217630511
180,-7.2713,3,17.9243270666,-44.5782243325,13.3698057447
181,-6.3581,6,13.7053864266,-33.5527615965,23.2990286067
182,-7.2391,4,8.48028046832,-17.4645869823,22.000891639
183,-8.6639,2,5.90028182329,-14.1327461799,12.5435285103
184,-6.3499,5,14.1211396618,-22.1517383806,9.02799072583
185,-5.8652,7,18.6938358831,-32.3397684737,23.4364084404
186,-6.703,6,16.3610465589,-47.1771590839,21.7064301889
187,-6.3317,8,32.39923242,-42.4221769392,4.1626558124
188,-8.6717,2,35.0897573148,-39.7327479862,-11.2454229293
189,-6.2635,6,25.7358439793,-32.9493865048,-3.8058520528
190,-8.066,2,15.8994951929,-27.0535466337,5.21153649904
191,-8.1552,2,14.128905162,-20.4381093768,3.03666516928
192,-7.611,3,19.7855909429,-14.0661758614,4.7896108364
193,-6.6743,4,24.5222102118,-13.4820596117,16.2971008967
194,-4.594,12,30.3324337978,-32.1556782722,14.6766844604
195,-7.3871,4,37.1211438801,-28.7079588346,-3.50786959495
196,-7.0969,3,31.3077330075,-23.2604972939,4.36801836241
197,-6.5769,5,33.3090065823,-25.0920198854,18.5866877459
198,-5.8997,7,22.6702639937,-20.1541642942,25.5317710643
199,-5.9527,5,22.7331222914,-9.99307408809,13.3083352979
200,-5.8249,7,30.6264209618,-18.9128630053,-0.536070160374
201,-7.1186,3,30.6960117642,-36.4135435002,-3.45859525862
202,-6.6375,8,-9.10442204254,-22.4096678138,8.15433870516
203,-8.7982,2,1.96018954742,-17.3688234285,-3.94962066633
204,-8.3464,2,8.84085440992,-16.2054229592,-3.22063824346
205,-8.3907,2,10.3493249405,-13.0342057304,3.09214307798
206,-6.0855,8,-3.39928524055,-5.47454070121,11.5196918774
207,-6.2474,7,-25.8523365956,-12.2843883308,13.9049209748
208,-7.5417,3,-37.2438253117,-20.9181600029,3.0841426573
209,-5.9316,16,-14.8859094053,-14.8808521018,-6.46228949146
210,-8.4953,2,1.48271226398,-15.9979881023,13.2434035098
211,-8.5514,2,-3.5725342617,-11.8794285782,15.9671769341
212,-7.2111,3,-10.8922412873,-11.4667246594,10.5346397586
213,-7.0085,4,-13.3266175942,-16.1889471348,-0.562956403037
214,-5.9805,12,-16.5363424236,-26.8050254306,11.916881638
215,-7.1571,3,-8.80935637051,-10.9616859382,21.5991022297
216,-5.5053,7,-12.9408589523,-8.33910171922,5.18527186981
217,-8.0678,2,-13.9671420836,-14.9913750768,-8.9576198646
218,-5.5563,13,-16.2052555241,-20.0073125319,11.2711050249
219,-8.2211,2,-18.3612112785,-27.1207856045,28.6972152209
220,-6.2655,9,-22.5847368821,-22.481372632,10.090815763
221,-7.4987,3,-22.5634244737,-24.6414156901,-9.64416968184
222,-7.7691,3,-20.1927190717,-34.2899205603,-7.08242243844
223,-5.8054,9,-19.4958180231,-34.4756464345,14.1813403331
224,-8.3784,2,-21.6532317233,-26.1587049046,31.5789223584
225,-6.489,10,-24.4284100795,-19.4500929704,15.1236536365
226,-6.1862,7,-31.3463181163,-23.9811248233,-14.9089212451
227,-8.4067,2,-41.095586003,-22.4673588435,-22.4202904514
228,-7.5287,3,-39.3774266647,-20.5213391886,-14.6798199939
229,-6.3586,7,-26.5611367401,-32.3856327031,-10.5813903547
230,-7.3344,3,-12.0542750974,-36.0207896477,-7.78499505444
231,-8.7149,2,-9.80862809784,-33.3302741346,0.369035625014
232,-5.1791,8,-19.1008720698,-45.5895127741,7.04847013248
233,-8.3562,2,-33.9127892137,-53.7576204883,5.47927860931
234,-5.3267,5,-34.0139784539,-43.4763324975,3.66101951088
235,-6.4101,8,-37.4095770183,-27.8728480895,-9.4829992684
236,-8.0928,2,-50.9442794792,-25.303547216,-19.3034044486
237,-8.613,2,-51.2640721867,-31.4290223193,-23.5251861054
238,-7.6548,3,-45.2645981454,-37.1211321526,-21.8143469749
239,-6.3078,9,-33.7177085223,-33.5539794873,-5.16176859863
240,-5.5786,7,-20.7351774594,-39.1440683663,13.2540463516
241,-8.2624,2,-28.4425642222,-33.1594866104,25.4006926154
242,-8.2182,2,-32.124377874,-33.7532311321,31.6981150695
243,-6.7464,5,-25.1084674826,-40.9628171158,34.7628411604
245,-6.8773,5,-40.5538567529,-42.6070866918,-19.4565359285
246,-7.9497,2,-30.4112084867,-43.7409648467,-14.1128743448
247,-8.6477,2,-30.8841752836,-41.4181738912,-6.98795556954
248,-7.571,3,-38.5900087711,-39.3341589287,-2.29865041463
249,-7.9791,2,-45.2152854636,-34.88090699,2.21534859898
250,-6.2361,8,-40.8649823127,42.6823167054,-10.2291924149
251,-7.161,4,-36.900216872,48.3566208943,8.82667977909
252,-7.5427,3,-34.6103674864,55.9451167558,16.7722611738
253,-7.0568,3,-26.7250238846,50.0189179774,19.4993177194
254,-7.1453,3,-28.7084734014,40.6199400444,19.3262264426
255,-8.6138,2,-35.6239264307,39.3208304088,24.4027494445
256,-8.4373,2,-35.289184426,43.1071386031,30.8316272272
257,-6.845,5,-29.1272094943,53.0747347052,28.4992256663
258,-6.768,5,-29.5669692244,53.3414698975,13.6431025449
259,-7.8804,2,-26.2510431535,42.9661645713,9.73451607718
260,-7.6204,3,-18.4173317334,40.451775723,13.5244733808
261,-4.9517,9,-20.1759305766,54.8834912643,20.8226807242
262,-7.1387,4,-37.144019389,56.5064824782,20.0023957192
263,-8.4254,2,-37.6614983689,46.8537910628,23.6775798249
264,-6.5484,4,-34.8460771974,50.6467730342,33.4744907119
265,-7.2689,3,-25.35374244,56.3547122407,38.9207542668
266,-6.4191,6,-16.1818882289,53.1459754674,30.4016534488
267,-8.577,2,-17.5680247338,45.99937221,17.8938194823
268,-6.9001,4,39.6089269222,-10.864703653,-52.3021992051
269,-6.5521,4,33.8205738037,-4.73902273444,-40.0767626989
270,-6.737,6,22.5127557933,3.27493729693,-41.7021853472
271,-6.2271,8,31.7102787783,0.122257739075,-54.1270697005
272,-8.4537,2,48.3910974373,3.58088573619,-56.7240953547
273,-7.3553,3,49.13207799,12.0910977797,-60.4110994983
274,-6.6213,5,41.1854138105,10.595774656,-67.3178701713
275,-6.4783,8,30.2605603904,-3.02527491411,-54.8858216623
276,-8.6841,2,22.2696276897,-9.95098385725,-40.7872416064
277,-8.2845,2,16.9719883084,-12.7937538699,-44.4219531917
278,-6.1138,10,25.8485898706,-6.53213238996,-62.7819634009
279,-7.7474,3,22.6660352471,-2.56557503635,-77.8425732323
280,-6.2583,8,12.7795186201,-1.05887962573,-62.0215554483
281,-8.4105,2,1.12651979328,6.68316081218,-53.1776674234
282,-6.287,9,8.52596014222,6.28835128818,-67.018516979
283,-7.0885,3,27.1909137459,5.79926991173,-74.0351409552
284,-5.2818,8,41.0277210705,10.4820621056,-61.7335377096
285,-8.4714,2,48.7248882535,4.25865252672,-47.7224396027
286,-7.0597,4,41.7808019246,-0.890651988582,-41.926285417
287,-6.4631,7,26.37894316,8.57095767407,-36.3065104178
288,-6.4902,7,14.4674496602,6.68978762813,-50.968972289
289,-6.7515,4,13.8710735795,8.02579134953,-69.3735821029
290,-7.8244,2,23.2074590653,9.46742538682,-73.1569188595
291,-5.9974,12,34.3840372505,9.86135429658,-50.7282514234
292,-8.6814,2,39.7722962292,13.411180268,-27.9681326838
293,-8.2485,2,37.0661303404,19.8022031298,-30.2039026322
294,-6.8305,5,34.6504906781,21.6611757218,-42.2773257994
295,-6.3981,5,33.2003687837,15.5978414318,-59.7177421823
296,-6.8557,4,21.4043644146,12.9891674288,-66.8828533342
297,-6.6056,7,10.0845563584,12.6204084826,-53.3805868976
298,-7.5678,3,19.2446871171,14.5879985199,-41.9702743675
299,-7.8401,2,25.2115128551,13.0681197136,-48.0932984632
300,-6.7757,4,24.2611582741,14.780010632,-58.9363539717
301,-7.678,3,26.7438256692,17.4445026206,-70.1076969834
302,-6.596,5,35.4314364301,19.6597143125,-64.7598645357
303,-6.5421,8,18.9225314136,19.172599625,-53.2413201051
304,-7.8089,3,6.13880234253,15.9787034947,-63.1187359326
305,-7.7784,3,12.9498857936,18.8333439974,-69.8346895244
306,-6.9374,5,26.9368397239,22.6186099106,-66.811447285
307,-7.4969,3,37.0752868821,23.942643684,-57.130497447
308,-8.505,2,39.4254574116,21.6788443357,-48.856531313
309,-6.572,4,36.6125853424,28.9059249187,-42.3258473042
310,-8.3006,2,28.5583714946,32.2837129402,-39.1183236733
311,-7.3599,2,27.5416333786,26.5257376066,-35.0185445992
312,-8.046,2,31.2069790988,20.1595625428,-33.8570984655
313,-6.2614,4,33.559832176,10.7106473045,-38.1451599383
314,-5.522,9,22.4082041428,7.42739808988,-53.118430401
315,-7.1923,3,-27.7047627802,45.6098487061,-33.343483914
316,-7.2309,2,-31.296057816,38.9003884964,-29.3936112767
317,-8.5555,2,-38.115483409,40.3398754775,-28.0129838452
318,-6.0465,5,-37.5672292487,51.4732840796,-32.2597553048
319,-6.3986,8,-20.0146129653,57.2920215365,-23.2899962503
320,-8.3696,2,-7.3488476158,55.682143228,-11.3168305384
321,-8.7717,2,-6.14574249988,48.554234979,-11.2177781623
322,-8.6783,2,-7.1034541311,44.2098211845,-17.052879538
323,-8.425,2,-8.8643689264,47.3734211283,-23.029153094
324,-6.1274,5,-9.2080889588,58.9369233322,-19.6383590412
325,-7.5035,3,-8.96229037059,65.7650013871,-8.13980988835
326,-8.622,2,-10.0060682367,59.2177043102,-2.66670518173
327,-5.3484,17,-30.4964060985,55.3645651004,-17.2424469233
328,-6.8347,6,-29.6454826327,60.043257823,-9.36109540931
329,-6.3427,8,-25.2030216624,44.3569286349,-24.7008248525
330,-8.2912,2,-13.6911107228,35.6067146555,-23.2025228832
331,-6.8111,4,-11.6411099263,42.0436779919,-14.3833455635
332,-6.6857,4,-9.47025204611,55.0913541453,-7.97676475889
333,-5.5715,10,-3.43548043707,48.7837172317,3.16583569901
334,-7.2476,4,-11.6556722128,32.9269270285,-6.44190908423
335,-6.2222,10,-27.724539059,40.1851639661,-20.064120414
336,-6.6716,3,-38.2753468109,55.0732452775,-12.8089747683
337,-5.6019,6,-31.0054596518,47.0251183901,-6.98431969758
338,-6.6682,5,-32.0296741656,35.440652875,-20.1911124107
339,-8.632,2,-33.0603403181,35.1145743935,-32.9509896997
340,-8.7912,2,-31.5514133321,35.2268743083,-40.0114496297
341,-6.453,6,-20.5330988565,26.8409346632,-43.2087598258
342,-8.7224,2,-9.93031381014,17.1288122848,-41.2327760344
343,-8.3972,2,-3.70603240035,20.1969529823,-40.4015630136
344,-8.5395,2,-4.34734005773,27.3180929528,-39.8230600586
345,-8.2834,2,-9.88306804031,30.2523576294,-35.8009080691
346,-7.1152,4,-19.2100610863,27.3103593387,-31.3277973101
347,-9.0073,2,-25.2206162085,24.2084743767,-23.5384487441
348,-6.7435,6,-20.5444904377,32.5890139791,-13.9087040363
349,-6.6078,5,-24.6197163469,50.493217334,-12.7118717351
350,-8.3838,2,-32.8623244723,57.694743745,-7.47935751673
351,-6.6854,5,-29.1536044197,51.8119345391,2.09604780583
352,-8.6878,2,-18.7026824298,48.4130759386,6.90086083537
353,-8.5489,2,-15.3397427592,53.6613507654,3.87483876225
354,-6.4344,5,-22.2378209424,53.3027792497,-5.7544360852
355,-8.0653,2,-26.0778933769,43.7682503579,-11.2182837487
356,-6.6906,5,-16.5563409529,39.7118071612,-4.76589892554
357,-6.1869,7,-6.51726762937,50.7874506348,7.2254279776
358,-7.4598,2,-11.5789514698,62.0073640561,5.59918021671
359,-8.2286,2,-17.1345825237,57.846058491,6.2347721225
360,-7.7811,3,-16.2147161478,54.0689667132,14.0795168358
361,-9.0314,2,-9.66095155198,49.2163423506,16.8222467414
362,-8.5171,2,-7.79561625985,44.4183912942,12.2589980412
363,-4.625,13,-27.4378799905,38.4700670948,-5.35818807498
364,-5.4922,7,5.04332287029,-41.8555774739,42.2408900708
365,-7.0908,3,13.5795374609,-33.724576612,54.105480149
366,-8.2365,2,12.9137984285,-26.1049617135,59.0885294279
367,-8.3036,2,16.2977797003,-19.7305740852,60.5216102948
368,-8.7844,2,21.4766112516,-16.4474707303,56.277295005
369,-7.1075,3,23.4724856475,-18.6419928226,47.655469356
370,-8.3052,2,23.1390811343,-25.4100472626,42.438128285
371,-6.1087,7,9.95807890947,-33.9265841259,46.2854153519
372,-6.6832,4,-1.26179897286,-40.9541619679,37.9358673328
373,-8.4176,2,4.8220712949,-40.9324863544,29.6174002183
374,-8.2218,2,6.74524576313,-34.5001848838,27.1575915113
375,-6.3926,6,-1.50374311465,-26.1742341164,34.8415192017
376,-8.722,2,-1.40111465347,-16.9241357296,41.7668014916
377,-7.0576,4,6.67860401735,-22.3993834842,41.2833715052
378,-8.1619,2,4.85912495247,-32.1306963775,40.4507760078
379,-8.5944,2,1.21160836802,-32.3445307985,46.6582636071
380,-7.7782,2,3.07498933102,-28.0682694512,51.8310041311
381,-7.2825,4,11.9242719533,-23.1697649184,48.5980541341
382,-8.1541,2,19.3225628011,-23.636235345,40.6385253408
383,-6.9817,4,15.1138681147,-28.8210101437,33.4402090059
384,-8.5742,2,6.01909398287,-28.1931539841,35.3777332847
385,-6.2359,4,9.37097216595,-18.1513797153,37.5947401659
386,-6.9661,3,18.0071154355,-10.5487969259,32.6492740691
387,-8.4116,2,25.2019031832,-6.36289891104,28.4316106331
388,-8.7215,2,31.5422411253,-5.02105021539,30.145635322
389,-8.3707,2,32.3057264501,-6.870714653,36.8383087345
390,-6.532,5,20.877922133,-8.74904306278,42.653946578
391,-8.1261,2,9.88665314511,-13.9451124641,45.6257790515
392,-8.2878,2,7.47355280221,-20.933182509,45.554444894
393,-7.587,3,1.67740002765,-27.952421983,44.4190183029
394,-6.9942,5,-9.00212630619,-23.3153675252,44.1043649205
395,-8.5773,2,-6.53407580323,-12.332349355,42.9220756642
396,-6.8775,4,3.38761216922,-13.0217215877,37.4845777164
397,-6.7692,6,10.3319797425,-2.65141069206,33.0124150094
398,-6.4996,6,0.265962725547,18.4382037953,-57.0193040147
399,-7.7959,3,15.6096125539,23.4526810167,-54.898794643
400,-6.1717,9,13.8390007124,25.9419124957,-69.429778579
401,-7.8386,2,-1.68059845034,24.8128319569,-68.0128761731
402,-6.75,7,-7.95458364105,19.6589891807,-54.6957532715
403,-6.1883,10,14.4160716969,20.0537591322,-42.6192896726
404,-8.3641,2,24.6935541694,28.8089816417,-51.2753549667
405,-7.3898,3,15.6648935118,27.5467440841,-53.3563739618
406,-7.4088,3,5.66929166233,24.6772584713,-56.1700714289
407,-6.8938,3,3.08173309565,25.2087626151,-66.353635247
408,-8.508,2,1.03545337448,31.1655599597,-71.6476288744
409,-7.9443,2,-5.58531066625,33.412995891,-69.334499767
410,-7.7455,2,-11.1680312452,30.8656699338,-65.7180174603
411,-7.5248,3,-11.5287917805,25.6394050274,-59.6063902957
412,-7.6571,3,-1.84783170336,25.8456104091,-55.2839860982
413,-7.5062,3,6.67780976174,26.5036915235,-48.7341629478
414,-7.1326,2,13.286904251,31.1978742741,-45.856438384
415,-7.3556,3,19.6170602443,34.2980605861,-51.3673787333
416,-8.6933,2,22.0058384056,31.1504424119,-59.0362158269
417,-8.3671,2,16.7072961464,29.5044865475,-63.8380324098
418,-8.7746,2,10.5401243056,32.8501596006,-63.2118364581
419,-7.0453,3,11.011485399,41.3915486899,-59.9093347727
420,-6.9802,3,12.912277587,51.5384189714,-55.3084256794
421,-7.3076,3,7.03562079214,59.1755829975,-52.5432486423
422,-8.0675,2,-1.14581278685,57.4171138786,-55.219119334
423,-7.1807,4,-3.30830897662,48.0848611186,-60.9335580431
424,-7.8877,3,-5.39757767279,35.7569495893,-63.6258037389
425,-6.5241,7,-1.85515693665,28.1213839604,-50.492768856
426,-8.638,2,11.3389331551,29.9534757192,-40.8194220296
427,-6.5472,3,15.3321042066,37.6362765974,-42.3027636621
428,-8.0172,2,11.831432477,45.1176628505,-46.0058282995
429,-4.5522,17,23.081618887,48.2560318182,-33.9706222311
430,-8.376,2,31.7221895799,39.1580610273,-52.9650322092
431,-9.025,2,29.1567588102,42.6539996598,-58.2527091479
432,-6.1121,8,15.0493011204,52.0814689338,-51.4198398453
433,-7.1256,4,-4.04198831868,55.7101971143,-50.8030973579
434,-7.5607,3,-6.24890457267,44.691682918,-53.4788338379
435,-4.8605,12,16.9656529207,39.4149430173,-47.4028485376
436,-8.7017,2,28.8331649314,51.4856470476,-34.8208894038
437,-7.0331,5,24.1003713886,58.0021533834,-43.9135966073
438,-7.4916,3,26.772088463,53.5226026064,-55.0027189237
439,-8.6414,2,31.0488940679,47.1448019961,-51.6311640837
440,-8.3544,2,29.2214019645,47.6231540837,-44.5625080253
441,-6.8218,7,14.5029820099,50.9703162037,-45.2219513454
442,-8.3254,2,-1.01379911534,53.5335193408,-44.7033722123
443,-6.4068,10,4.64609669144,60.763618853,-26.1233647925
444,-8.084,2,20.5899292576,58.8524475367,-16.7841926245
445,-8.5025,2,21.4247607703,57.6233007228,-23.6337103135
446,-6.5536,7,7.96207496851,64.6686281732,-26.6621088747
447,-5.7157,15,-24.6925780688,-25.6305100209,45.0898626791
448,-8.3142,2,-42.6262243919,-24.9748012548,31.9424759255
449,-8.8678,2,-40.6733585746,-26.0864810236,38.5952904802
450,-7.4791,3,-32.2321372661,-28.4227509255,40.8272865312
451,-5.8305,8,-20.599896908,-16.0666779776,47.8035961029
452,-8.4506,2,-6.06181133033,-11.1608128069,48.6642527787
453,-6.1026,13,-23.7093979528,-17.8364649097,41.8075798179
454,-7.5766,3,-47.0836628213,-20.0032148764,39.2127212556
455,-8.6529,2,-45.2708176027,-27.1820386162,42.3055661754
456,-6.8404,4,-44.3834926255,-31.4944811642,32.6222843653
457,-6.7097,4,-50.7286247152,-26.4507852247,22.6064334721
458,-7.2718,4,-55.8584444139,-14.3316479936,26.0091893263
459,-8.5001,2,-50.9998005339,-11.4494174937,33.5913214263
461,-7.4313,3,-40.3733698777,-20.7079627462,27.4879091689
462,-7.9707,2,-31.9293913616,-20.614367109,29.7391213968
463,-6.0659,11,-14.6363435959,-9.41929167431,39.1039735205
464,-8.3767,2,-14.3362705493,4.5197619658,45.0921190362
465,-6.0762,4,-22.056795705,-3.75858678031,46.4311105151
466,-8.143,2,21.0068076937,40.9479833519,1.23622826684
467,-6.4589,5,23.0076212506,51.2770151288,-7.1621811568
468,-8.4582,2,27.5219822602,58.9796010635,-16.229775056
469,-8.2176,2,32.8770074823,55.0711375694,-16.9883675759
470,-8.2775,2,31.8161594889,48.7635375227,-13.2655654983
471,-6.6174,5,30.2622476994,47.2008776716,-0.604639970819
472,-7.6854,3,24.5294056273,43.1244628097,11.1746669451
473,-7.0982,4,16.5359254818,39.2546478177,5.72877503184
474,-8.5119,2,10.0320078632,46.2126122816,1.34449914434
475,-6.2062,4,4.50313273067,47.407643448,9.08681952855
476,-8.2678,2,6.14054484023,41.3660323321,17.3203349397
477,-5.4579,11,22.3811696614,47.3447084287,4.66949041532
478,-6.6901,7,40.0845786787,6.48904916327,13.5176582753
479,-7.2848,3,27.4855243067,5.37031173324,19.955181094
480,-7.5687,2,-62.8945405768,-20.1031724205,22.2861222275
481,-7.0889,4,-59.190348015,-13.7353762167,30.0227238976
482,-7.2798,3,-59.0116305665,-2.67566287291,29.7149079916
483,-8.4063,2,-63.1386036606,-1.0910085891,21.8197547292
484,-6.1143,7,-65.1332451264,-3.44735255737,8.50784306103
485,-5.7034,7,-53.5453438519,27.0438364596,7.54814645245
486,-8.4644,2,-44.4582660155,39.7331318072,9.66668140487
487,-7.5281,3,-44.3094740362,43.5229338838,1.39043664813
488,-8.2186,2,-48.7803360568,41.6774130034,-6.15873015395
489,-8.4855,2,-51.4010355532,35.3821434388,-5.52010139533
490,-6.7637,5,-50.2210845999,27.8767478005,4.75282762114
491,-7.6478,3,-50.2897866501,14.7643559388,5.24468343775
492,-8.5524,2,-50.414665164,11.7210306262,-2.9359965081
493,-6.5502,7,-49.6512897876,25.7000836304,-11.8543433782
494,-7.3891,3,-45.3636659245,40.3778576959,-8.59160258567
495,-8.5435,2,-41.4625159515,39.5566851712,-0.139870298581
496,-6.7076,7,-43.5241847174,25.2155506369,6.06468995479
497,-8.6479,2,-47.8627643147,12.2096794115,13.8040099859
498,-7.3875,3,-47.836370044,13.1880197527,22.9311279812
499,-5.3965,7,-52.4519074642,27.4826402158,31.9360338717
500,-8.2371,2,-56.9308999324,42.7597341463,32.8175586319
501,-8.3508,2,-50.9810925777,46.1336143414,30.3752702037
502,-8.3365,2,-44.8858754493,42.8915313106,27.6500559984
503,-5.4326,12,-42.4491015455,24.783864459,13.6990794781
504,-6.3449,7,-38.3959707508,32.7422879296,10.4663560534
505,-6.6942,6,-41.8891875148,32.7558052043,34.055278371
506,-7.7491,2,-18.804225268,-39.2308576256,40.3350219516
507,-5.8271,7,34.1675298633,-12.9198193839,-66.591577197
508,-7.5724,3,27.4857140268,-14.3700365049,-50.5219469892
509,-8.6921,2,22.8082142587,-21.1206236479,-51.5455875424
510,-7.4834,3,26.1059853838,-21.7336250972,-59.1174234924
511,-8.2562,2,34.5085356693,-21.3273457616,-59.1727765395
512,-7.746,2,35.5473640613,-24.5529891575,-53.5489899132
513,-8.5584,2,34.7908460081,-21.1120955183,-47.3678954041
514,-8.6319,2,38.9447850275,-15.2334234327,-46.3635349983
515,-6.2294,6,50.0395504903,-11.365136531,-55.3625712117
516,-7.1651,3,55.1735996635,0.344143307086,-60.5364760321
517,-8.8361,2,48.0033552065,5.47810735502,-62.0520497329
518,-6.9209,4,38.8816495859,-0.71594558903,-61.5686842286
519,-5.4809,10,-9.20695198703,-29.7119200097,-52.5822970367
520,-7.8229,2,-29.7410866457,-31.4193214032,-57.3948460584
521,-5.9649,9,-31.2120812353,-47.6013641385,-54.4891998003
522,-8.5106,2,-29.195534697,-62.9286716087,-43.6290374523
523,-5.7897,5,-18.7885649395,-68.207072734,-46.9201136614
524,-8.663,2,-6.5956120629,-67.0962489044,-47.5969115983
525,-7.2029,2,-5.87809817905,-60.6896530178,-44.5461635334
526,-6.8741,4,-14.2518403828,-53.5430590415,-44.8359687143
527,-7.1884,2,-20.1143692569,-45.2635972826,-48.6533919342
528,-6.2352,10,-5.29413862966,-31.8850190899,-46.5371542225
529,-7.9762,2,11.0752916784,-35.9666019195,-42.0546051416
530,-7.8523,3,5.88165829306,-43.0824153246,-42.6821003795
531,-6.583,7,-12.3264182109,-42.8010932339,-43.6023764802
532,-8.4283,2,-25.4768992793,-48.0122386024,-44.9325062632
533,-8.2264,2,-21.2620801676,-51.7269930269,-41.0876368264
534,-8.6081,2,-18.0140040121,-46.5737140336,-38.1754049335
535,-8.3562,2,-19.9822265523,-40.2518158178,-40.8683799138
536,-7.647,3,-28.3105954057,-39.9840357324,-44.501034875
537,-6.6725,6,-34.9558801406,-45.8792091733,-34.0133927538
538,-7.9543,2,-27.7995869396,-46.2018342886,-22.9242132366
539,-8.2412,2,-27.3633056434,-39.4354757296,-23.2658752758
540,-6.9547,5,-34.238054333,-37.8747672485,-33.3374737563
541,-6.5774,4,-31.9393794048,-36.1159317625,-46.6524391548
542,-4.6936,9,-12.6318252116,-32.6173179569,-38.3639347444
543,-8.3167,2,-12.2543871673,-30.4198216279,-22.743636324
544,-8.3597,2,-18.8151682037,-32.2588276492,-24.8073796594
545,-7.3904,3,-19.0846256669,-38.3134313544,-31.570960323
546,-5.6361,7,-2.85412252553,-39.1755514876,-34.5864136594
547,-8.3794,2,11.74108795,-39.4897668182,-37.1427419064
548,-8.471,2,9.67407858656,-46.1052669989,-38.2157686778
549,-7.2992,3,1.38397117362,-44.8165926376,-38.2030211957
550,-5.921,11,-20.6398639224,-38.8965223279,-38.1737594487
551,-7.0205,3,-29.0034172998,-55.4952282999,-39.9167292898
552,-6.4762,8,-11.3676773813,-24.9697420705,-35.4704126036
553,-6.3321,5,47.1458437892,22.7293680709,-73.4551990916
554,-6.1859,8,37.2444937425,32.9287448759,-56.8622456651
555,-7.8984,3,45.6239677302,44.7722067524,-46.059893665
556,-6.8801,2,52.8245984494,42.6411070753,-49.4869087746
557,-6.7972,6,51.3380451518,30.0736454473,-49.7306513153
558,-7.6118,2,45.1870690225,25.1559270571,-38.9920740215
559,-8.3749,2,41.5288732525,29.4453741751,-34.2845492943
560,-6.5148,6,41.7253605902,38.6112291095,-42.0470326912
561,-6.7447,5,45.5083078833,30.3539604572,-56.0607675137
562,-8.6979,2,46.1779916488,18.2557670686,-53.488495193
563,-6.8942,6,42.9698369492,22.7760325941,-42.9467126736
564,-7.439,3,44.9620434956,37.5072444621,-38.6537026125
565,-6.7397,6,49.4410776307,37.5649910225,-52.0581415066
566,-6.1785,8,55.1559518772,16.0181717323,-56.4437651679
567,-6.3027,7,46.4524482513,71.7199112728,51.7796502573
568,-6.3793,8,68.4393349874,56.7502923342,56.3497624996
569,-8.6875,2,72.8540004863,44.967098203,66.1410803156
570,-6.4207,6,62.2414866828,49.4182420002,73.3689558278
571,-8.4293,2,53.1714532183,57.5570880335,68.5799013486
572,-6.5458,3,58.2789228354,55.3115389864,62.6763889593
573,-6.2695,10,74.5107928879,47.4567139801,55.8519812453
574,-7.1775,3,78.1069997774,60.0211184863,45.4241144698
575,-7.8755,2,69.7109199572,59.4318496028,45.0603998085
576,-7.0541,3,69.3985735103,51.2613262044,46.9780356346
577,-8.5595,2,70.2993290022,41.8725814665,46.5299505102
578,-8.2993,2,68.1657327023,37.3213774166,51.4729798653
579,-8.3732,2,66.3491708419,41.1545920999,57.3297526549
580,-5.9515,10,56.6213768248,58.7868046487,61.8248340796
581,-6.4628,4,35.8091832489,68.5868315524,61.6011578796
582,-8.2185,2,34.8304204183,67.1200702203,51.3787941678
583,-7.9989,2,39.7311651433,68.3615106045,46.0535406445
584,-6.5914,4,50.8180844911,68.384071714,46.423983005
585,-6.713,3,60.5061060208,60.9568551891,44.6938197183
586,-8.0438,2,61.2747630655,53.9625493907,38.6936857667
587,-5.4099,9,58.9697426898,39.5914144105,49.1011408254
588,-5.9963,5,49.3131785608,34.9943364297,71.8363807485
589,-7.2126,4,42.9736568652,41.9351398172,82.5953775853
590,-8.2027,2,47.4719248972,50.1674338052,79.9201677322
591,-6.3153,3,54.4717486851,48.8121212312,73.8967692374
592,-6.4785,6,57.6514830665,44.6973214367,58.5977333805
593,-8.3775,2,60.299731914,47.4145337149,44.6079918434
594,-5.8514,14,46.5502534348,69.4667424299,43.9378280209
595,-5.8042,8,33.7479951914,63.992618004,62.5459605281
596,-5.9979,9,44.2966648691,60.7220457421,52.2749936047
597,-6.9893,4,30.8549580577,74.3723304404,45.2356463447
598,-8.7431,2,31.2321422297,84.5703868949,43.7297580673
599,-7.3239,3,39.550876905,85.1513335851,41.5283821473
600,-5.6657,11,50.3333695405,63.2152250585,41.6502083312
601,-6.001,5,56.1767322394,48.6900210793,59.1380646701
602,-6.7605,5,43.1563180545,53.2709072305,65.4863375523
603,-8.1747,2,40.0673192162,59.17405283,56.0476297071
604,-6.1146,8,49.8609690295,49.2514189697,44.3205806813
605,-7.406,3,64.3518831714,45.7409339646,37.169166565
606,-4.5359,13,48.8074399717,67.3241639819,33.3516878766
607,-6.9432,4,29.7451522947,68.0336996145,38.61115216
608,-7.5741,3,32.346852537,56.7400388959,36.9269645205
609,-5.6467,9,33.6987138268,55.5912468009,57.7822623596
610,-8.1441,2,33.0175455754,57.3667634036,77.211688487
611,-8.4187,2,38.2146922391,52.872301564,78.4215357881
612,-6.2393,7,40.024589961,51.2236438792,63.3909289981
613,-7.0379,4,39.7099320335,49.4303611711,45.6559803607
614,-8.6379,2,39.1670041241,43.413437189,36.5994544669
615,-8.6207,2,39.4112378678,44.8626502368,29.4068756355
616,-8.5307,2,40.4329072161,51.0550825283,26.4651642529
617,-6.7407,5,35.3589692234,61.8704759573,31.7018530514
618,-8.1815,2,30.3927263091,71.687911278,28.7699459499
619,-8.2239,2,31.0125971935,70.1433261326,22.0835786214
620,-6.6122,6,34.1027547834,58.0042037026,25.7847453181
621,-7.7507,3,35.131154866,45.40774229,35.3975770453
622,-7.3871,3,30.9797134436,38.9568633164,30.6042309834
623,-6.4051,9,25.9474908833,56.2565313827,29.0215317817
624,-8.258,2,24.1362361287,72.741101778,40.0843863364
625,-8.5424,2,22.6036543612,71.9389728566,46.519161074
626,-7.2087,4,20.9753947878,62.2665495267,45.4586646123
627,-6.5386,4,17.6229766954,54.9582030392,33.6273714051
628,-8.3911,2,16.1298636729,48.5409310324,25.5626719717
629,-8.8282,2,14.9727582341,41.9983584225,28.3399913653
630,-7.265,4,23.4890892838,39.6142012489,33.1477375352
631,-7.3972,3,30.330521038,48.0168425231,37.1911050368
632,-7.6551,3,32.1892304484,51.6998768312,47.2094832498
633,-5.9965,7,41.7560243159,43.7071203401,50.0396630917
634,-7.8388,2,52.9057090426,37.2083107277,40.0196518543
635,-7.8647,2,59.4017223065,34.4737468746,42.3207989539
636,-9.1239,2,62.1633630938,29.4097923391,45.7324184129
637,-8.748,2,59.6135984554,23.4337469385,43.2788951211
638,-7.4032,2,55.6546633399,23.7986621903,37.0034689581
639,-5.2331,8,39.5221959551,32.0317306443,36.928956259
640,-6.7297,6,23.3264660183,47.6908438439,31.4147698319
641,-8.2162,2,21.6230208742,59.7270922307,29.288697117
642,-7.0189,5,20.9885327252,53.068241231,37.8322858648
643,-7.5932,2,17.0139219109,41.9251155587,36.193607054
644,-7.2177,3,15.6836140663,34.3326699519,31.7334854591
645,-8.0544,2,19.3020847728,26.7266352478,27.997593345
646,-8.3736,2,24.8318279376,22.41482962,28.9884389698
647,-6.322,4,30.530488263,25.355933847,36.8247722455
648,-6.9928,5,21.5637501929,32.4568976911,42.6373263671
649,-6.4238,4,12.5003150922,32.4514414513,30.8734240746
650,-7.1134,3,11.8779397364,42.0237102396,23.4858472879
651,-6.2206,7,14.8360586439,57.4260936189,31.6476465644
652,-6.143,11,39.4279780375,73.9877143751,19.0928769546
653,-7.4866,3,39.7555641267,85.2726627842,-1.72627834993
654,-8.3074,2,43.4663221996,79.6719753581,-6.99903537824
655,-6.6959,5,42.8692994499,71.5174187397,2.30825854527
656,-8.2531,2,45.5325644553,64.3399152884,11.0076993417
657,-6.4742,4,49.6576723031,61.4775008709,2.4796398873
658,-6.5026,6,44.9135845362,59.5943489109,-14.7408167207
659,-6.107,11,27.1709057608,41.4472310121,-10.923542362
660,-6.6154,9,26.0111592246,40.6370810082,16.1932188704
661,-7.4255,3,24.3889442173,55.4765993986,10.5018869382
662,-6.3664,5,32.7481632428,56.7852636469,-0.47422074373
663,-6.7026,3,43.6596218566,55.0228024126,-10.6796499905
664,-6.1744,6,55.1029153887,64.1870679045,-12.8120024039
665,-6.9244,4,60.5008169881,69.2568003574,1.18555205542
666,-7.9546,2,59.241730206,64.5726300041,10.8756560699
667,-8.5739,2,58.7480649633,57.6255652094,10.2974496088
668,-8.0554,2,56.4511923109,54.8055957923,3.87985696164
669,-5.8926,8,50.9869283672,50.7290516824,-13.1968985448
670,-6.0087,6,40.7436389283,31.8890975671,-21.3331699487
671,-8.6077,2,33.7027097808,23.9488985591,-12.5436803027
673,-6.0698,7,39.5325013606,44.0385745406,-0.818886413688
674,-6.3945,6,37.1475841266,61.1829973764,13.4929391923
675,-8.2283,2,41.0104164179,60.4681584672,25.7091898602
676,-6.0341,8,51.8893408181,56.4719512378,16.2809704229
677,-8.5763,2,51.7259022485,57.1361972579,-0.479107591396
678,-7.2377,3,46.2352730736,50.7104077118,-1.0373994799
679,-7.1483,2,42.941459933,48.4603277456,6.66171795422
680,-8.559,2,45.9279757679,49.1122437433,13.4859413438
681,-8.3933,2,50.4201130588,45.0052288849,17.4412182247
682,-8.6279,2,50.8058719946,38.4934649134,15.7110020479
683,-7.2791,4,47.2149771578,39.5699678966,5.85640438294
684,-7.9983,2,49.0791338963,46.7857859693,-1.83287965866
685,-7.5996,3,56.157096733,51.0634432052,-2.53612656451
686,-7.0777,3,58.5217879063,51.7629689516,6.48774318068
687,-6.7603,5,47.1101509351,55.8925651444,13.3635068916
688,-7.1085,2,35.1501936456,54.9709690814,11.7712002127
689,-8.5976,2,30.5502549678,49.3956582946,13.7761235885
690,-7.3335,3,34.0517235233,42.7234561706,17.7038661106
691,-6.5244,4,44.7713066197,45.8152591992,23.0505784805
692,-7.1649,3,47.8044571832,51.3715784603,32.1514298316
694,-7.0716,4,28.2807253402,32.0483908303,13.298164075
695,-8.2254,2,28.8117650566,38.2229325935,4.79758705168
696,-8.6912,2,32.4996650631,44.8274490457,4.30771566939
697,-7.4243,4,38.4247401683,49.9321406343,11.5193968984
698,-7.3784,3,42.8334563409,43.0191614397,17.8534194749
699,-6.8342,6,33.4937255662,34.052217475,9.49281172165
700,-6.8733,5,32.3540189513,37.9645240421,-7.24856791492
701,-8.9456,2,34.34371203,40.7992519053,-19.2693569586
702,-8.1903,2,32.864706738,35.2335773475,-23.2655776096
703,-6.9062,3,29.8945984824,28.5729055795,-18.2163730997
704,-7.1789,4,23.8834987429,28.8185370149,-6.73125680845
705,-7.0272,4,20.8568987324,23.3195768649,4.62064665094
706,-6.0163,7,30.0690514773,15.1019176087,-4.60377460988
707,-5.7107,12,47.6920650362,38.4658403312,-17.7769897927
708,-8.386,2,62.6217121169,52.5876726424,-12.2177596441
709,-6.4602,8,50.8053308736,41.5871394641,-4.9753051532
710,-6.5548,5,43.0473464979,24.3715518078,8.66229927784
711,-8.7068,2,34.6480158648,17.7367014051,9.63987221779
712,-7.6163,3,31.6219165056,24.4205214172,4.50033812125
713,-7.4834,3,36.6248305112,32.4462661671,6.2359891553
714,-7.1785,3,40.5966993401,31.66242592,16.4758967813
715,-8.8246,2,39.0349521168,31.9093030106,25.5598736044
716,-7.6286,2,32.81755559,32.0874756911,29.3081106619
717,-8.2811,2,25.8859092792,33.3794154866,28.4428085751
718,-7.177,3,23.5273798461,29.188753848,21.9312400818
719,-8.0008,2,30.0223379244,23.2812594798,20.4477427703
720,-7.2,3,38.8891201717,22.9974762972,20.2797326295
721,-5.8367,11,55.3617590632,39.8183610243,20.2669483001
722,-7.5453,3,57.3671136146,42.7750817077,5.92202571268
723,-7.9803,2,52.8050461578,36.2546550016,9.7061437619
724,-8.6058,2,49.7008001094,30.7514945322,13.6519473433
725,-6.2651,7,35.3399165647,23.7569550981,13.1296097051
726,-6.2014,10,39.3712491654,26.5713281533,-5.50193104086
727,-7.572,3,54.6876973022,39.8170660185,-3.49816361227
728,-6.9625,4,52.5980187244,31.2625763197,3.76601056389
729,-6.7558,7,40.6433439187,19.1278623336,-3.10028005973
730,-8.7453,2,33.0454858273,10.4523037778,2.4129916399
731,-8.0926,2,35.5574841015,11.750560169,9.03944709678
732,-6.2115,5,46.6131083451,13.6566869707,15.9335426616
733,-8.4116,2,56.0347507688,10.2706001712,23.4599079532
734,-8.1485,2,57.3303758815,3.10463274905,23.3250218976
735,-5.9988,13,43.692458963,3.70223005856,1.98893351366
736,-8.5099,2,37.6886352694,15.643239281,-20.0453849896
737,-8.7725,2,41.9175362126,21.488145391,-18.4513359175
738,-6.4121,7,45.7948587576,19.1890653966,-5.40996748245
739,-6.978,3,49.069126053,9.2966880431,8.88410909321
740,-6.762,6,56.5924066653,18.4631133612,18.1479456682
741,-7.0414,5,62.1119035021,37.6664780557,21.134769979
742,-5.3232,6,-45.5465987924,-47.248039055,29.4095229771
743,-8.6298,2,-31.9856213779,-46.9483756452,33.0545728621
744,-8.8077,2,-28.2905114761,-41.3397522446,30.2555897979
745,-6.1051,11,-36.5552671857,-34.6577771838,9.36428975362
746,-7.2966,4,-51.3599751638,-23.0692495785,-6.56747960409
747,-7.7613,2,-55.2099022739,-15.9593149417,-0.463308071744
748,-6.4279,6,-46.6382122288,-21.0391292813,8.92642571499
749,-6.1447,6,-42.4688357704,-40.8139836869,12.7493189913
750,-5.9185,13,-39.3861489177,-41.3950862049,35.908548101
751,-6.9503,5,-53.3158355199,-37.8428828565,33.0701901296
752,-6.8759,3,-47.1917669338,-43.4276443235,22.8175780648
753,-7.681,3,-41.4454143302,-37.6552793794,17.934898032
754,-7.0514,4,-48.5327294201,-33.7502301477,9.10008383036
755,-6.5569,5,-54.3528631766,-27.4656350606,-2.76021472236
756,-7.4781,3,-60.2596241106,-18.3451465703,2.71768320371
757,-5.426,11,-57.0186420453,-29.3285272462,23.8159129932
758,-7.4975,3,-41.736432973,-36.5180051879,32.0858272483
759,-5.7046,12,-50.81126954,-24.3350915487,16.753204052
760,-6.6999,5,-61.5927317563,-26.5927928362,2.79851634944
761,-7.5961,2,-56.1236730341,-36.9396783772,5.53060843189
762,-8.3467,2,-56.9393183835,-38.2545168724,12.3191408209
763,-6.5017,6,-65.7045914399,-27.2823263764,14.3155981589
764,-8.221,2,-74.6214914995,-18.2216805571,19.9249590329
765,-7.6816,3,-71.4407827262,-19.8177621176,28.1293238542
766,-6.5069,7,-57.3096007178,-28.5001747415,24.8774340861
767,-5.7634,18,-46.074924525,-30.2266131588,-22.9141167945
768,-8.5002,2,-38.1073588212,2.51269111218,-15.828522457
769,-8.7222,2,-33.2441727307,6.32058561942,-12.2296089411
770,-8.8492,2,-30.5261506287,4.08911018323,-5.76942488376
771,-7.5699,3,-32.0215077563,-2.94683900353,0.215531917736
772,-8.4932,2,-35.638534989,-10.373552945,2.8935017901
773,-5.8012,9,-49.393922277,-11.6720648646,-10.4606441926
774,-7.1851,3,-59.9186796115,-22.9307382205,-22.2211791562
775,-7.1528,4,-53.5860875927,-25.2683453515,-32.9942863463
776,-6.4918,5,-39.3818105747,-23.0856050353,-39.0373187031
777,-8.2233,2,-29.3740966475,-18.648990459,-45.3327598408
778,-8.4605,2,-28.3070698666,-20.0094180684,-52.5275491172
779,-8.7648,2,-32.1751219888,-23.5614921526,-57.8269808459
780,-7.7582,2,-38.2064937696,-27.8180598055,-58.497999765
781,-5.7171,7,-47.469270534,-30.4814177527,-45.5665576217
782,-8.8914,2,-50.7637911527,-39.5028076649,-34.4297566516
783,-7.4849,3,-48.704599728,-45.0195730997,-40.6379425882
784,-8.194,2,-47.8267294001,-41.7801007325,-48.5127564047
785,-7.6293,2,-52.8662823806,-36.5433886055,-48.9761597184
786,-5.6152,11,-57.8525510051,-29.3655672193,-28.5383612084
787,-8.5749,2,-61.6917721611,-21.9731097888,-8.45447527639
788,-7.5791,3,-63.4821111001,-15.4054234101,-14.0504565692
789,-6.1345,8,-48.4635765059,-8.276714633,-24.2798216834
790,-7.4804,3,-34.2804660767,1.20312566543,-34.1200920483
791,-8.5593,2,-34.4713228765,-0.925125339184,-42.452001364
792,-8.6319,2,-39.7218032727,-5.90379594011,-42.5982917015
793,-7.372,4,-48.4360264925,-10.1780524499,-36.6284840429
794,-8.5243,2,-55.910017014,-16.8804512946,-37.2738698778
795,-8.7368,2,-54.0996137114,-19.6928546878,-43.3258466021
796,-7.6357,3,-45.8841715665,-17.1712637748,-46.7523724309
797,-7.4944,3,-38.8195558925,-21.5371316159,-51.2513846618
798,-8.4418,2,-40.2617501306,-29.2934505602,-49.1511529269
799,-8.4651,2,-43.6408751644,-28.0031051152,-42.7510121481
800,-8.4587,2,-45.1647229087,-21.9723379711,-38.5027894809
801,-6.3732,6,-37.7565512502,-12.010023551,-43.3685108134
802,-6.6787,4,-31.1691448912,-13.1687549437,-58.4902929329
803,-6.6105,3,-40.4819189398,-16.3292477372,-65.509009224
804,-8.5356,2,-49.5417292304,-16.5916879871,-64.5501559404
805,-6.3259,7,-56.0182779125,-18.3038316298,-50.5395642911
806,-8.9936,2,-64.7804978528,-20.8309049737,-40.357110497
807,-8.2245,2,-67.6923977336,-26.8806370595,-43.6139454555
808,-7.4575,3,-64.4189916967,-32.2870882735,-49.923264041
809,-8.6409,2,-58.1604623972,-38.1741720749,-50.11886275
810,-5.4161,7,-55.9055264305,-40.6306091705,-34.5449071545
811,-6.7481,3,-59.6668577176,-39.8754912142,-18.0005362002
812,-5.2322,11,-59.4719828117,-25.5207500188,-30.5662833737
813,-5.8149,11,-35.5405574114,-11.2517445786,-57.1113530398
814,-6.874,4,-22.1929437074,7.1488533443,-54.2973276934
815,-5.8239,19,-49.5364016947,-2.42513628799,-33.0467947459
816,-7.3812,3,-76.889216485,-17.3097910591,-16.7092625236
817,-7.1408,5,-69.0445935345,-21.913059789,-25.3647427164
818,-6.333,13,-50.717987122,-0.365053799709,-37.1728141628
819,-7.7845,3,-28.7666580882,11.8171739,-46.0605239959
820,-8.2296,2,-28.0196821935,6.48453191894,-53.0356348603
821,-5.972,11,-45.7373315681,-9.73899283528,-52.9850572978
822,-7.0708,3,-67.5193605706,-21.9291614229,-49.0457217231
823,-8.605,2,-70.8439683276,-21.5621072074,-41.0828786371
824,-8.593,2,-70.8506308579,-15.8404787551,-36.2497789415
825,-7.561,2,-67.6032948935,-9.23568023788,-35.1772921955
826,-6.8945,5,-57.5768926573,-2.76234324146,-41.0511397145
827,-7.3113,3,-45.8996933456,5.26903710232,-44.0467477469
828,-7.2328,3,-37.3851631419,12.135033062,-43.9113028548
829,-8.2587,2,-31.8825512927,12.2901017234,-50.2393542464
830,-7.0477,4,-35.297438723,3.09740514349,-55.356465007
831,-6.335,8,-54.9166812091,-3.68369894588,-51.6245714947
832,-7.2472,3,-5.74110675424,-26.6113551196,-3.87658097114
833,-8.7251,2,-7.55223396109,-25.8663836051,-12.991393862
834,-6.9083,4,-1.10726498842,-25.8435830736,-21.3989405723
835,-6.8414,6,12.8542561321,-35.2058495108,-27.7897464714
836,-7.7644,3,23.3022545888,-43.1572840442,-37.4464271596
837,-8.0,2,32.2448346159,-44.1070080555,-39.37239189
838,-5.9377,13,32.0805503118,-41.0384520773,-21.1936963974
839,-7.9578,2,21.2816473763,-27.5862896781,-2.94675391279
840,-8.7954,2,24.7046946111,-21.3778371029,-2.87657807052
841,-6.5643,8,35.4375535753,-25.6323500998,-14.5222637052
842,-8.2568,2,42.2499856109,-35.0686606937,-27.0943180217
843,-8.464,2,40.1639805682,-31.1065902347,-32.3506863947
844,-8.5025,2,36.5331423264,-25.5757389057,-29.1371501154
845,-6.7686,3,31.9388176311,-26.252500818,-21.383506318
846,-7.3302,3,26.6236965906,-34.8134784813,-18.3056651693
847,-5.7912,9,10.2400609228,-33.118427906,-19.958182157
848,-7.0258,5,-4.42532804022,-16.6118644906,-19.6615931073
849,-8.7072,2,-8.31522184584,-16.636435346,-30.519429361
850,-6.8467,6,0.220708450966,-26.6168693792,-36.0313868647
851,-8.3007,2,12.1932142442,-30.7745101882,-32.0607477118
852,-8.875,2,13.4097962708,-27.7999985669,-25.8427732696
853,-7.1394,4,5.62739856778,-21.0290283701,-22.1567342323
854,-7.5023,3,5.18012385497,-14.1046035659,-14.4433423296
855,-6.0384,10,16.6512549797,-23.9235464913,-24.8922987445
856,-8.124,2,20.3467592676,-35.2738265606,-41.5790984482
857,-7.3224,4,25.0034291092,-38.2272688424,-32.9417307749
858,-6.009,7,20.8348091625,-29.9493649309,-15.8710957094
859,-8.3639,2,16.4636386694,-19.8113396272,-5.64001699564
860,-4.6119,11,19.5564804109,-21.3367409156,-24.7100491854
861,-8.2188,2,28.3592881099,-35.183128686,-31.8042463636
862,-7.4503,3,36.471897726,-38.9662714257,-29.3704225004
863,-8.3078,2,42.9975440126,-39.6229722173,-34.717317415
864,-6.4126,5,35.7456983784,-32.1362191903,-40.8799848254
865,-7.0314,3,29.5270341622,-20.0666876022,-45.2946370029
866,-8.6638,2,30.1753510427,-12.2578745118,-41.7016647587
867,-7.4909,3,30.9880079005,-12.2203648367,-32.5724022443
868,-8.9331,2,30.0863206468,-18.1329512521,-26.0908986574
869,-7.2277,3,30.0382324379,-26.8686216379,-28.69308041
870,-8.5123,2,28.3115344677,-29.8539648046,-36.1635085529
871,-6.6691,5,19.9960032142,-20.663418473,-37.54826711
872,-8.5033,2,18.3486913769,-12.4279361326,-30.1492871796
873,-7.8001,2,24.9100788471,-13.1811781379,-28.8623010016
874,-8.8442,2,27.5849271175,-19.4650869592,-30.4226499955
875,-5.6949,7,21.463152463,-25.0208335215,-19.2567258996
876,-7.3411,3,20.5411538856,-19.8013549545,-1.79535233323
877,-6.5798,6,-37.9328859325,-26.0564020538,-28.5885938971
878,-6.1299,6,-25.0510521753,-13.9482917613,-17.0350578382
879,-7.1796,4,-10.1108982712,-16.1721458593,-18.1821023003
880,-6.6855,6,-17.0246893363,-22.2029529094,-30.6146517617
881,-8.1952,2,-29.7819002277,-24.4003207989,-34.5902762526
882,-7.8324,3,-35.7631592025,-31.0812049311,-33.3963399879
883,-8.3978,2,-40.6173333541,-36.9990860575,-36.8759935746
884,-7.62,3,-38.2720915564,-33.4475656186,-43.8791242287
885,-7.4263,3,-33.8586076292,-24.7057215641,-40.35478602
886,-5.67,14,-28.5645425377,-11.841814501,-13.8709455879
887,-6.696,4,-8.12402405556,-2.9784249425,-10.3727444512
888,-8.4194,2,-4.01087254444,-5.82209124679,-19.5996547058
889,-6.4247,7,-17.4864140847,-9.06423259577,-24.8164299162
890,-7.4161,4,-34.4067963884,-8.23725795327,-16.1988195749
891,-7.597,2,-33.3599199799,-6.78746243572,-6.49576293056
892,-7.3471,3,-29.0027169168,0.182747920511,-7.36556639124
893,-5.4106,6,-26.0993920996,-1.57820455001,-21.6893758001
894,-6.872,6,-18.5662601028,-4.51723289638,-41.6021422376
895,-8.2721,2,-11.6595611708,-10.3756145658,-50.1514741303
896,-7.9483,2,-9.52893687058,-14.1393491632,-44.3080223241
897,-6.2677,8,-22.8468835423,-14.2020271645,-33.2628983323
898,-7.8339,3,-40.803017978,-11.9055517101,-25.0604339877
899,-8.3923,2,-39.8772686901,-6.55668957008,-18.1206121468
900,-6.7687,4,-33.8340196879,0.917915350511,-21.1122839413
901,-7.0967,4,-30.6333560208,-4.06111437874,-31.8098204049
902,-6.6089,7,-17.3838209867,-16.3661670396,-38.652124447
903,-8.2406,2,-3.95346496943,-19.8966911198,-45.3134647475
904,-5.786,12,-19.6763031472,-10.4131317421,-45.0605637738
905,-8.5679,2,-23.8874334279,7.65354957355,-34.8741016135
906,-8.7311,2,-22.2245606135,10.5041694072,-41.4370951861
907,-7.6409,3,-20.1966829703,5.03075477918,-47.9225687043
908,-6.9457,4,-27.2690863984,-3.9372390826,-47.4272783506
909,-6.8651,4,-16.6957286985,-35.0512016526,48.6169942939
910,-6.1909,6,44.7453133296,-21.7560146073,34.8348083721
911,-6.7814,4,40.6207145121,-10.5855899537,-11.2156149282
912,-5.9169,4,36.9956292531,-2.94324332364,-1.37600000466
913,-7.5471,3,34.0658150526,5.23079043376,-6.97880481752
914,-8.3027,2,34.9209577858,1.21671816528,-14.086086861
915,-6.7524,7,46.9677860985,-6.51041324761,-7.27916089524
916,-7.1541,4,8.24342228105,28.5846914412,16.2537830685
917,-7.1496,2,15.2610723398,36.1322875483,14.5072632154
918,-7.5477,2,-36.339701739,-48.0236667737,52.2162210587
919,-6.2517,4,12.6614079759,-44.3677884239,-29.4176510116
920,-7.2412,2,50.4598111283,-37.6381048301,-1.70723686208
921,-7.6408,2,-24.9308488774,61.2848055466,53.0112048802
922,-7.3946,2,-13.0748349544,-21.8892645803,-17.4390466081
923,-6.749,4,-20.4169838432,-25.9326466727,-24.6373310098
924,-8.5066,2,-29.0851669752,-30.6891101758,-26.6240678474
925,-8.5769,2,-31.0801625647,-34.392380816,-21.0515351854
926,-6.7989,4,-21.8716704108,-35.9460226499,-15.8784492602
927,-5.9892,11,16.5840636403,11.4622276121,-14.55240048
928,-5.792,8,24.7337716076,22.0401825869,-33.834824841
929,-7.7747,3,21.5248103868,39.4751653036,-38.3863228596
930,-8.712,2,23.3252027512,43.1520307161,-31.3334764107
931,-5.9633,9,21.4006776438,25.0965854829,-22.1553717771
932,-6.7826,5,24.61855154,7.84112330491,-5.37498704722
933,-6.3678,5,20.2500092124,12.1254932059,10.0255833159
934,-7.2559,3,16.5807127147,23.7852009528,8.45518194618
935,-7.5884,3,18.3112204039,21.5369573829,-0.660423163726
936,-8.509,2,21.4974301619,17.0820065667,-7.72729254425
937,-6.5878,5,19.3553619356,26.6071458537,-14.6006656361
938,-7.8979,2,19.6964083378,35.9886426553,-22.229742227
939,-6.7119,7,10.2886088748,32.9102270135,-34.9732465742
940,-7.2795,3,0.625976980856,34.1990873791,-47.1286965069
942,-8.6565,2,27.7709779457,25.146863585,-21.4796992193
943,-6.4529,7,19.4891776997,21.4349876068,-7.52048204582
944,-7.7199,3,12.5986801163,22.4700426881,7.43288187443
945,-7.0643,3,9.5932351667,31.3751798174,6.66751709316
946,-7.5768,3,7.537753392,31.6012340616,-3.98003961024
947,-6.6216,6,6.8762521025,20.7359134938,-16.7843067808
948,-7.473,3,0.978685994762,21.3719041775,-30.1820725907
949,-8.5043,2,1.55340177308,29.4827438488,-34.3207857211
950,-7.3253,4,9.7220296575,37.0294800717,-33.241270996
951,-7.4604,3,17.411412612,40.342768062,-24.3273117887
952,-7.5461,3,15.6565894618,35.9707052598,-14.7099615612
953,-7.1798,4,8.7194486355,26.3978265854,-16.5979004367
955,-8.4227,2,-2.92222599275,24.1643895821,-26.0132603516
956,-8.7639,2,-3.16611304947,30.3737153951,-23.0797429575
957,-5.6225,10,6.55966077643,37.4484058709,-8.00818328687
958,-8.6803,2,3.64426484317,52.5256656398,-3.84797034981
959,-6.6506,4,11.349889016,53.7463804565,-10.6880752803
960,-8.4403,2,17.8154405114,46.9879640703,-14.3656669172
961,-7.2937,2,14.7516037014,41.5059249481,-17.6891722324
962,-6.0704,6,10.2142528063,41.4404157003,-31.2113830741
963,-7.1368,4,0.69474611248,38.012981345,-44.0496252296
964,-6.7698,7,-6.77389330427,48.2988010453,-37.2390864592
965,-8.359,2,-0.741161170466,56.4356428361,-24.8599491342
966,-7.5288,3,2.53128614751,48.8641061249,-22.6983259833
967,-6.3392,8,-4.17616286849,35.5861453313,-35.7248893415
968,-8.7391,2,-16.3588044564,28.2176458987,-45.5080746859
969,-4.5739,13,-16.6530594906,51.2612767368,-34.4602200362
970,-7.459,3,-6.06340293038,71.5107774391,-17.2342105631
971,-6.6719,7,4.85543116645,58.9070244568,-14.0243387158
972,-7.1597,4,9.07379370966,45.4389949895,-23.105846374
973,-8.6228,2,5.15717022887,40.5192728786,-31.3901325223
974,-8.2298,2,2.14559058553,34.5271280029,-29.3951558561
975,-5.7039,7,2.0203419179,38.1886072638,-14.0628434245
976,-8.3514,2,-3.82869892835,35.2999249518,-2.33239026708
977,-6.8718,5,-11.1784520382,27.8864058011,-9.75828590469
978,-8.3075,2,-18.1427887881,24.5780034013,-19.6356120189
979,-6.8821,5,-11.2968476092,31.3025279172,-26.2373838616
980,-5.9516,5,-3.34617026357,43.5490312676,-16.3560847044
981,-7.8249,3,-2.63157763923,54.5455959915,-16.5860887665
982,-8.5104,2,-5.60070374833,53.3924909817,-24.7510818764
983,-7.3053,3,-10.0585697012,47.1907691148,-30.2211882716
984,-8.3207,2,-17.2145631035,44.5521226516,-34.6028391778
985,-7.1205,4,-21.9924308049,53.4489959187,-32.2302761541
986,-6.818,5,-16.1257022941,66.153729582,-28.1107715836
987,-7.4641,2,-6.51769929198,72.9678129524,-22.81180843
988,-7.1739,5,18.3120804981,-8.71808577632,5.78548040597
989,-6.7228,5,21.6848362922,-0.43203978041,-5.67583010051
990,-6.5579,5,5.77420185252,5.9885283382,-4.36809199097
991,-8.0649,2,-5.54926772017,9.62424757328,-0.354164862589
992,-7.2228,4,-13.9356374021,4.42152061783,-5.57050602954
993,-8.3292,2,-20.5820845667,1.37865456245,-13.7985471231
995,-7.2809,3,14.9223463054,11.8342884155,-19.9792735922
996,-7.6603,3,14.4378450774,21.6779895645,-21.6287769119
997,-7.3269,3,8.7358283672,22.2480787496,-30.4352763384
998,-6.7157,4,-2.25988511335,18.5000183707,-35.5314256786
999,-8.6697,2,-11.9076606442,15.3524658119,-32.6730400036
1000,-6.1542,6,-7.21077912487,8.11718896376,-22.7937892687
1001,-6.8602,5,9.26248374369,1.98478771241,-13.6469565703
1002,-8.684,2,18.9407749134,-3.59843093001,-7.71430133856
1003,-6.7171,5,30.9562586566,-3.90667760577,-12.17117663
1004,-6.0388,14,14.2215780619,0.404439358435,-17.3570649975
1005,-8.6408,2,-1.5828730918,-1.37490760085,0.854460677253
1006,-8.5633,2,0.365786037234,-7.68324489663,-1.78529444244
1007,-7.4989,2,6.88394374836,-10.0586794446,-3.30723438439
1008,-7.3414,5,19.2293314785,-8.7357494913,-6.99093041038
1009,-8.5465,2,27.4986452446,-8.06773951042,-14.679419996
1010,-6.5205,6,15.108534442,-7.10513824734,-18.1382923485
1011,-5.5777,9,-6.30226848093,-1.42062327876,-6.29509239184
1012,-6.0503,8,-18.6061206385,-5.62409575834,-20.9686778042
1013,-7.5161,3,-16.7119633378,-0.775415028249,-36.5978782999
1014,-5.3646,19,3.75120559143,0.995988951101,-25.4570001366
1015,-7.0957,3,17.6120282849,11.8372822491,-24.9992857093
1016,-6.8847,4,6.53756212071,11.702200369,-31.6674524622
1017,-8.0158,2,-1.08808243541,8.74013664794,-39.0562787814
1018,-5.9808,4,-6.0810182173,8.95792396731,-48.710397528
1019,-8.3738,2,-14.0038227162,12.840523271,-52.4467617262
1020,-8.6645,2,-17.3257825079,13.2233168578,-46.0731899259
1021,-9.2055,2,-15.4708983107,9.78229963419,-39.8456623719
1022,-6.8663,5,-4.07069431957,4.42711934461,-38.3711015599
1023,-8.1342,2,7.7249500865,-1.01846388099,-38.5672424458
1024,-6.9404,4,12.5008930624,-8.01027114062,-31.7181311742
1025,-8.324,2,9.69306067323,-14.4652840752,-24.0372436498
1026,-7.2273,3,1.75196709254,-15.9555418017,-27.5550268287
1027,-7.7006,3,-1.9032516784,-15.9843819363,-37.9070736343
1028,-7.7325,3,-6.34923391955,-10.0316498248,-45.3832078537
1029,-8.5328,2,-10.6371647555,-3.38009435701,-42.7848868775
1030,-8.6147,2,-8.03411662217,-3.21572989282,-36.3638518996
1031,-8.5531,2,-1.25403506914,-6.13950257209,-35.4634122239
1032,-6.8098,3,4.74064961143,-8.50186502707,-41.703809896
1033,-8.5586,2,11.5975835659,-5.83187761078,-46.7337893698
1034,-8.3235,2,14.7076339244,-0.212252741561,-44.2166187072
1035,-6.6641,4,7.98965163684,4.43601722973,-36.5857310655
1036,-7.6165,3,10.4064294419,7.94908911019,-27.1432055469
1037,-8.5854,2,19.3678880692,7.01527011571,-27.785312558
1038,-7.5728,3,24.1418532883,1.34621445426,-33.6455426273
1039,-5.9585,9,16.1631120641,-9.46554986888,-49.632706612
1040,-6.6113,5,6.58554325401,-21.3981440392,-42.8271676445
1041,-8.5568,2,4.73702673778,-15.7834427342,-32.8385476126
1042,-6.6615,7,-3.17407846202,-7.883353569,-43.5290807863
1043,-6.9374,5,-8.85560314025,1.72318480841,-39.1655923189
1044,-8.3555,2,-0.771531556869,-1.62234575244,-32.2042587569
1045,-8.568,2,3.68114121573,-3.6455658264,-37.6728204417
1046,-6.9366,4,0.250104411263,-1.02405866572,-46.8752401242
1047,-7.7493,2,-5.1501961372,2.6973257433,-55.168144591
1048,-6.4808,4,2.55547505111,2.53938846026,-62.0362039708
1049,-8.6014,2,9.15000702012,-3.83626169106,-60.5678896298
1050,-6.2761,8,-6.77805242409,-6.62247580607,-56.390447761
1051,-6.4544,9,51.9816479117,2.84343737583,23.818128854
1052,-7.1597,4,62.5141846347,15.4133694783,40.9423714202
1053,-5.0571,8,64.8510411058,0.89730821175,47.762087753
1054,-7.2728,4,51.6988120523,-11.5225629639,44.5980005454
1055,-6.7537,4,42.9433676937,-2.01834918997,43.0466469885
1056,-6.4964,6,45.7722117673,14.8252657787,35.8617188702
1057,-8.5881,2,46.5795596629,20.8430892637,24.0510395729
1058,-7.7316,2,48.0411729271,14.5572136884,22.3512283796
1059,-6.2631,9,59.1925837609,8.29168264653,37.4299489072
1060,-7.4436,3,67.2138574438,-3.58786054923,42.2084710088
1061,-6.7783,5,53.6431619307,-9.0220164409,40.0415476474
1062,-7.6996,3,45.1658487117,-16.3084639109,32.1662168757
1063,-7.4899,3,39.7333129784,-12.2824461825,24.6200817279
1064,-7.5788,3,41.2791755475,-2.23428909948,25.8435305419
1065,-7.2079,5,43.0341744694,11.2593999511,25.33455359
1066,-6.9464,4,30.830623072,16.4406282496,22.8979340383
1067,-8.4055,2,22.6395588488,10.5206671802,26.9068523512
1068,-8.5206,2,22.9205724167,3.50749440996,25.4399170204
1069,-6.4229,7,33.7539253536,7.6299993028,21.777421648
1070,-7.5679,4,43.336628761,9.58889734168,31.5157913217
1071,-7.5331,3,40.2733303939,-1.83633834755,30.9033956043
1072,-6.7033,5,34.4421785843,-6.70299104128,19.1673511848
1073,-8.256,2,32.1117927707,-12.6429231455,9.03683984459
1074,-7.1361,4,29.5700128224,-19.9605803008,15.5867134235
1075,-7.4257,3,28.444966056,-18.2338000946,27.9290227292
1076,-5.7207,18,-18.5935538514,36.9266623757,11.6255452466
1077,-6.6386,7,-29.444647171,22.3990948701,2.96521677791
1078,-5.6596,9,-19.1598257649,26.8705477596,27.2271826182
1079,-7.0797,4,0.329393952982,25.3842254151,26.8945295078
1080,-5.4204,13,-14.0982528901,30.2155905957,10.3109282022
1081,-7.9422,2,-27.2131070886,16.087541387,-4.72809056664
1082,-7.4543,3,-22.7714943561,15.3253273944,-12.6264239906
1083,-8.4664,2,-14.3640065639,16.377242285,-15.9408705233
1084,-6.6667,3,-6.05626899368,17.7084502043,-11.7840834878
1085,-6.9064,4,-0.977632575677,19.0416673374,0.101675361586
1086,-7.2475,4,-4.46115973157,22.0930112487,13.5389532794
1087,-7.0059,4,-14.5198301259,28.4995281659,19.3448446381
1088,-6.4151,8,-22.0246918292,21.9415645819,4.80214062216
1089,-7.814,2,-17.7688227948,18.5165571896,-9.38853383618
1090,-8.6558,2,-11.9214070499,22.7375282725,-8.92504295811
1091,-6.7187,6,-6.12949632825,27.3441846424,3.70160405106
1092,-7.0291,4,-3.60179103535,24.5510425056,21.2228105605
1093,-8.6854,2,0.665896745983,18.5737406331,28.3106650668
1094,-6.5436,5,12.4321569991,21.3817494421,25.0400187478
1095,-8.1545,2,22.3329535469,19.5987229345,18.9604581206
1096,-5.8709,16,0.127467997788,12.5465167462,5.29704538147
1097,-7.4877,3,-20.5398181633,7.46399008558,-16.5179295508
1098,-7.2012,3,-17.8704307189,16.2054648612,-22.0920404539
1099,-6.9682,3,-10.1855722798,23.4524302082,-21.4215596314
1100,-6.2135,11,0.0775103848789,25.4219847012,-1.77463120539
1101,-7.1422,4,3.14264727294,6.96031412544,13.860819556
1102,-6.7082,6,12.9214330734,-0.949980908688,13.2744928115
1103,-6.8249,4,17.8973398673,9.616045601,5.4790720112
1104,-7.1729,2,10.4112899689,17.2174611529,7.08690735156
1105,-7.0317,5,4.81606621208,25.559033251,1.3005546926
1106,-6.6911,5,2.86687499362,16.8424250133,-9.20474086769
1107,-8.6045,2,8.63934343354,8.46849381347,-4.49530139508
1108,-8.2633,2,5.5054708737,8.85621776619,2.29644748154
1109,-7.171,4,0.289934166953,5.54411286458,10.9671147899
1110,-6.188,10,15.6891650881,-1.78657404716,6.6992051224
81,-7.4039,2,-45.0933316047,-8.30302477821,34.6453216225
460,-7.3671,2,-46.6537170563,-16.7834830558,32.5687105096
693,-4.8648,8,40.2596916173,38.6013989861,29.4461761268
941,-5.5737,15,15.6257517377,43.8660505158,-32.4126023071
954,-7.1096,2,2.42888954811,20.8275003713,-23.395048052
994,-5.3991,14,-10.7333457015,11.2145208602,-23.6792262906
672,-6.2082,3,35.0824404288,27.3586480215,-4.11832626327
244,-5.7565,19,-37.5051813493,-33.0390970967,2.38203857339
