1,-45.2053420872,-11.3269666038,-23.4122866432
2,-45.7440855241,-17.0944556852,-41.2926865587
3,-34.4750391123,-11.3998905025,-41.8792781024
4,-26.6816063583,-19.8052865736,-49.920901835
5,-47.0596301635,-11.5164418015,-39.2655108062
6,-60.0478175854,-26.2972427061,-29.33720298
7,-43.5794426457,-24.0771459632,-38.6005685775
8,-28.2729243288,-14.0379706652,-40.3854833868
9,-25.4941368794,-25.5259962617,-47.1636253486
10,-33.7858512339,-32.6681503721,-46.1841962395
11,-34.2674679439,-33.9128843434,-32.1012165856
12,-24.536248374,-32.8571783272,-27.5021036236
13,-18.0239722,-29.3181102937,-29.4616152451
14,-21.2184928762,-25.0081528948,-37.2126133823
15,-33.0080174829,-28.2240848752,-48.483019119
16,-38.5833873318,-42.5432205583,-58.0146003883
17,-49.6649747551,-33.1635256154,-45.9451837352
18,-54.893107627,-17.1458971111,-32.6231239789
19,-64.1300179545,-23.2360480167,-32.1899480514
20,-55.6170271829,-46.1338704955,-41.3945123964
21,-25.3520942161,-39.9224785475,-55.4232253768
22,-8.36130321283,-32.9647944831,-51.4874200014
23,-14.8428630111,-31.2315968271,-44.5835622666
24,-29.7034646932,-37.2100433366,-47.5964353575
25,-41.255602273,-35.954507151,-29.2248019158
26,-26.8637069427,-6.06760275583,-33.7499008425
27,-35.9186821758,-28.8602257947,-35.7146984804
28,-45.1136330415,-34.0155166557,-31.4116643122
29,-27.6592233847,-11.4782804374,-23.8496035767
30,-7.53874686285,-23.1403416211,-15.923851946
31,-16.7953680189,-38.8562066825,-31.8764975678
32,-26.5511211619,-36.4689334563,-27.2644413562
33,-23.047709084,-38.809776665,-18.6305333755
34,-14.080765727,-37.2920703509,-17.9471563708
35,-11.2856154354,-28.4004652806,-23.1609699212
36,-15.496253499,-21.1956840215,-31.5488539691
37,-22.388108072,-13.8292334216,-29.6932668292
38,-18.4861543999,-8.66102346306,-16.0972319393
39,-17.6216253228,51.1400158709,6.63162344424
40,-42.2010868375,43.7458378927,-0.727845906946
41,-43.0889748849,47.9998975062,7.61962705667
42,-36.812851717,53.8605416906,13.0002334763
43,-17.5703015581,51.2592751569,4.00053966194
44,4.37824203438,55.9076841655,14.7949642542
45,-6.35059040423,44.5889882346,27.42450941
46,-27.3733439456,45.530734938,13.2238749089
47,-25.561422462,40.1730202646,-1.06476184036
48,-9.21816401306,39.2216169234,13.7228352118
49,-8.34203657876,31.0619965973,24.595225023
50,-17.0347408823,26.7865359666,19.8871970084
51,-18.6779536988,32.5068823602,4.33315614099
52,-28.6211906491,44.6521277803,-8.66760090496
53,-43.5829041198,41.5802804432,-9.04837701753
54,-38.5074376466,30.0671039595,-7.07957540283
55,-22.379014934,37.8035017541,5.84887797866
56,-6.1028325522,42.5949591769,20.9161024965
57,-1.68562626555,38.8893173625,30.3565181814
58,-23.1585655201,36.8794530728,21.8815744595
59,-41.8001396521,37.8501806033,7.83647103426
60,-41.265006172,32.3465480478,1.09003738214
61,-29.8880650119,32.6755169914,3.17884302157
62,-27.5723419032,35.8482041673,12.384171085
63,-42.0869422202,35.6745454083,17.5657703314
64,-51.1153428827,25.4698781703,12.2994924761
65,-37.6657749748,26.9746458931,30.6804065337
66,-26.9807364849,32.6705943861,23.6323517315
67,-33.4397674908,28.9420213924,3.78526308358
68,-23.8320266486,21.4630182799,5.84975275629
69,-15.8959157525,22.2654290823,19.3094546011
70,-9.81284466921,26.5052253858,22.0695641504
71,-9.12497429072,27.0875640252,6.58427121094
72,-8.47734481821,15.0974608563,-3.06808799544
73,0.502110982297,14.160741029,-6.39777549104
74,6.62337485089,20.3945215852,-1.68949363898
75,3.4998928178,28.7048952596,1.0936522825
76,-25.5837529556,22.4597998337,2.76713672326
77,-33.7023151519,34.5745027361,29.7466023817
78,-16.8453683882,50.4595751087,38.9120648717
79,-25.3482867606,29.2992230468,25.4487434663
80,-50.7216317038,34.0511704171,8.46103389751
81,-48.8719521691,42.9423647513,0.918898543607
82,-50.4587293833,46.5815553156,-5.94742759676
83,-58.4124749019,36.8381024018,-11.7956962143
84,-60.0042816497,22.9016377363,-11.1846469256
85,-37.011011267,19.7778263537,6.79215738344
86,-25.7582587409,27.5942375596,39.6998854746
87,-44.4578562991,23.0451743767,28.664399192
88,-50.8684811361,24.1336908524,1.47993238892
89,-51.6239081398,37.6974986237,-1.52038367696
90,-54.2414807185,38.3476379137,7.04784969615
91,-58.6585280193,33.8903817595,14.9102327717
92,-51.4314754373,17.3699623235,15.1676654228
93,-23.0083330533,13.697849813,6.75811052347
94,-3.55787081538,24.027746843,-6.97719129895
95,-23.5272460468,17.0050384575,-4.93434525048
96,-36.1473443881,8.21347823893,13.9004653526
97,-40.388631333,13.6448662567,28.1696104455
98,-58.1489228743,17.2882056099,19.2447130052
99,-60.203279385,17.9163997665,0.269217423535
100,-49.6131379953,5.98297929504,-4.44737835743
101,-38.0638053923,1.38698789115,0.656969348818
102,-32.3614445151,5.27198771781,6.85850493178
103,-28.5406858045,12.3108492559,17.231861854
104,-48.9573309177,10.008972001,18.3850429383
105,-28.7097589331,11.727346407,-16.3050979278
106,-14.937799441,11.8799244553,-2.87111657107
107,-29.9967467186,6.17831169352,12.6775351128
108,-47.536579305,-1.02517990492,-13.5806148618
109,-29.0117621684,3.26801716532,-18.5936458733
110,-40.1588620987,9.66313531186,-3.74254104534
111,-37.0594434965,6.1958208016,-20.336484115
112,-15.7377831662,7.47299447974,-17.5019435275
113,-13.5786475401,7.58711595336,-5.23678930944
114,-23.5086171016,6.41226528844,-0.186351827486
115,-31.5236406723,1.63336307218,-10.1986648007
116,-47.8240832374,-5.19846894312,-16.8297498215
117,-30.888541165,-1.98799060947,-4.32663158703
118,-3.73321304431,3.48865077912,-16.16697862
119,-23.0235840158,-3.70925893161,-14.3381602527
120,-52.3367637333,0.19041513601,-2.20438299438
121,58.7152176594,-2.89665365975,-90.8864134645
122,42.9834748759,-7.56241181181,-78.0825890107
123,45.9464469556,-22.762931317,-64.8959239647
124,43.3623810889,-31.4673374489,-56.7241049278
125,33.0934491259,-31.4653180179,-64.256652297
126,36.8957557253,-20.0889159565,-75.5727581249
127,45.9101157654,-9.63021754874,-76.8600590734
128,51.0705408703,-23.5491913696,-64.6336327388
129,31.8659227492,-21.3313989508,-76.8600456249
130,20.8134957664,0.340241273293,-77.0785742262
131,21.8824283542,-6.68511670607,-68.9850912644
132,40.5829173604,-13.0928817453,-60.832833382
133,51.1608585367,-18.0648466172,-42.1121417807
134,-76.4513587951,6.74765585844,-23.2425558465
135,-66.2468720653,14.6148076631,-11.8371697084
136,-62.9964907489,26.0465824274,-7.40814173035
137,-70.9190434745,31.0057515323,-14.1183878529
138,-62.391103149,20.4300542196,-24.2630401464
139,-55.0540492392,7.00387103402,-15.9723672377
140,-65.8840159302,3.1642716887,-17.0088216949
141,-72.9154518502,6.78962055482,-26.9973216385
142,-78.3553314083,-2.41463344117,-33.9162950948
143,-75.4904726285,-11.0420558128,-30.2207412723
144,-60.0846430437,-2.42707147906,-24.9380134288
145,-38.4677855833,67.6936511198,17.1867021692
146,-53.0321789311,67.355977531,27.2942755553
147,-49.8374126185,68.2243291939,39.135782314
148,-35.7383509902,53.9943765484,32.8071930398
149,-17.337432386,55.6339054428,22.7114896142
150,-11.6767956697,66.6917972449,12.7214192993
151,-8.59400047187,75.2989809037,3.81173112494
152,-16.7750952033,83.908912927,7.43902929264
153,-29.0666894664,65.1506234774,19.4808003668
154,-38.9790111999,79.1155429517,29.5321232454
155,-21.8164445446,88.3493131815,24.1495559443
156,-33.2017425854,62.0281536679,20.4679709431
157,-50.429465156,53.3321400311,25.8477333984
158,-42.4884777146,71.6629509775,13.2979520102
159,-25.3279189224,65.1666322706,7.79315782902
160,-29.4948920074,53.8044447921,16.4705080334
161,-36.2930800934,45.1875291971,23.0532884207
162,-28.600994578,35.7947248927,29.0295254011
163,-19.1979544618,50.2243406607,15.5506543744
164,-12.2655551825,67.1065217715,2.18469092922
165,-12.814149114,76.4292397442,5.36345419547
166,-17.6074136806,66.7767372925,14.1989559801
167,-25.5503260355,56.1747180021,9.27144001905
168,-32.3486121586,65.2800600816,2.60956795441
169,-44.1578028311,67.9894729971,9.73337643195
170,-55.7848724042,69.8099623858,21.4094639935
171,-54.6469375162,64.2821865384,8.43872194261
172,-36.4636714681,60.2906522237,-5.58135600168
173,-48.5465545874,51.6754752664,17.3939706522
174,-58.5441194892,28.8992952871,25.0951875173
175,-47.9010362757,30.2540457081,25.1124402109
176,-43.5084543936,38.9080982307,20.2893110251
177,-49.607679731,47.734920146,18.1966579445
178,-39.0479205027,57.0868794273,5.46853831643
179,-35.4986093934,65.4795402842,-11.0636000019
180,-36.2703461402,55.4380596926,-16.311996811
181,-38.135620879,49.0615067359,-4.07819813875
182,-38.7360459971,50.3574821265,4.38685752593
183,0.580833639985,15.6982718671,15.4573624987
184,10.4565352412,8.39072721471,46.4115256519
185,11.4852698823,-4.54987699191,18.7430281472
186,0.376047571143,8.27000080077,-0.452676339584
187,9.89316983992,8.61869926061,25.8580264114
188,14.5596389294,18.3681421773,45.5566354293
189,12.5270051444,25.8084474438,34.4896599657
190,10.3383438118,20.9950967631,22.6820304341
191,3.88641409619,35.0675654925,17.7022304693
192,7.95384183704,43.0335243525,29.4163684197
193,11.3778174191,40.210436332,38.2484016016
194,18.2710306795,31.8747201176,42.1648062152
195,18.5969918938,13.0413741442,25.4370744694
196,10.5369469851,18.7943823513,10.2115430333
197,18.7219949534,21.7867522569,37.1232555981
198,16.918339234,2.51852919635,54.4353182092
199,16.6145347893,-4.47244190506,38.8038394699
200,16.9443098853,8.20426544155,20.8733782535
201,7.77904224321,13.6957179377,11.2355262838
202,4.34406970641,10.5572246496,-1.850750033
203,11.9366513466,-2.81950086168,6.5081453791
204,18.636341359,-18.5367620268,23.578030017
205,20.1368225869,-15.8116507462,39.0481523598
206,20.7052051061,-8.40385196603,44.8904471556
207,20.861942616,-3.34861306316,34.3550124442
208,22.4407234331,-9.05707150868,18.3862401711
209,15.3002571955,-10.3352925913,8.19568338519
210,14.4944586496,-2.4920024895,3.17108615995
211,23.902037207,5.73116152083,7.41462144426
212,26.4981471785,-7.45973461234,33.0942893584
213,18.7610900946,-19.2016913543,57.7026572431
214,32.7818047294,-15.312759778,35.2616036452
215,32.937984156,4.60267439034,21.6141926486
216,31.0544955738,-4.77846035175,38.9572084674
217,26.9532364886,-13.5162854986,54.4223349245
218,19.1143297432,-2.04747357446,60.7700612432
219,21.901880265,15.8703397425,38.2211101612
220,24.924290599,25.173635988,16.4816693899
221,26.4915746452,10.2573911334,32.7424279042
222,29.8539632418,-4.31185367152,49.3958627456
223,26.5588000157,11.2699521163,58.8376715133
224,34.6045668418,6.05196350268,30.3106772183
225,46.7178119625,9.60028399144,1.65708921314
226,51.3663700423,-7.75840808966,15.7482019561
227,32.0621169219,-23.9940174067,27.7198153844
228,21.4126109147,-18.6353547753,10.7452976154
229,23.7943541966,-5.98539655079,8.31821118017
230,26.0747688611,-4.04917385946,17.2666643075
231,35.3897603686,-20.4750084384,28.7409398398
232,39.9286448687,-26.4300381027,45.1261022118
233,39.6957801228,-16.9333960419,42.5437681688
234,33.631258343,0.0989308468854,53.3715253568
235,31.1008965183,17.0002977452,52.7462602828
236,32.3407003078,14.6911942063,30.0925364663
237,36.9043000523,19.3630065872,7.8162348581
238,41.651949615,6.65193026221,16.6707143618
239,43.448237741,-4.858061239,34.2680241333
240,44.2847387548,-16.6990486868,43.1525722859
241,49.5707339513,-19.4203138545,30.4630016705
242,55.6839796012,-6.52071767736,14.8379161611
243,50.8023255001,7.64658143287,10.2055327646
244,42.4069954377,8.87260439685,22.7508663523
245,49.6052038346,-6.79411278062,32.7814282892
246,56.5598277945,-23.1010852115,26.2075754168
247,48.907422116,-30.3285427578,26.6170106699
248,45.0344428658,-26.3488085975,37.400461285
249,41.667896512,-20.4003337236,49.4911592583
250,33.2778689782,-17.0593180241,55.4814353025
251,31.070201019,-27.5199066144,59.3697953644
252,35.8321935578,-34.655836543,56.9877011537
253,43.8565318195,-29.5672182907,55.6734628214
254,51.7506159735,-19.976505151,44.4620967034
255,48.5303896787,4.15046245215,30.1880303544
256,49.8439462811,6.92452317597,15.8773471802
257,62.6461166049,-16.3106752097,12.6127296127
258,55.4192867739,-18.9253558965,6.03994690289
259,47.1402189448,-4.96399896477,9.17685614724
260,31.2457601239,-20.8414503318,18.5849085297
261,50.3164997191,-23.217462274,22.4239716861
262,65.4543522998,-22.7280264754,17.7669681784
263,71.1529210102,-18.4325626514,23.5011411477
264,67.9402125353,-14.3533911375,32.5900538026
265,59.9177662277,-18.0581569242,35.9174959274
266,47.580798795,-31.1326370317,39.8578193251
267,55.7425666473,-11.1513137009,41.5920087748
268,45.0226906216,1.92748628592,40.4923824859
269,41.4157245753,-4.77642329561,50.8742170573
270,44.7059500302,-13.1889676703,53.6811018703
271,54.3645789952,-17.1331261802,52.48007198
272,57.5184018448,-6.60793304429,42.9170553931
273,61.0263295168,-4.70515463349,24.2400350232
274,69.271242603,-7.52007146592,9.09803552588
275,61.6555968263,-2.39925538565,0.0148726595062
276,39.5208353427,-29.191329626,16.1494467672
277,33.796827933,-5.86501712663,-18.6512297567
278,18.646611452,-2.79726914661,-6.98874192758
279,22.8745350985,-1.32603637364,2.43145851586
280,26.7033225059,-11.6755985639,5.85317925297
281,26.9469286548,-21.8772074797,2.8724682121
282,37.3461150626,-17.0969078825,12.4555608295
283,38.5702655533,-8.23434979219,-15.4601725003
284,50.0106947987,-15.0793946653,-31.5789055934
285,29.0984761772,-19.2472287037,-19.2847324709
286,24.9790557616,-13.118097366,0.186858003047
287,46.5068102362,-8.02113570901,4.18098514098
288,51.616772913,-2.09153784842,-11.7861434752
289,33.5083267883,-17.8352463114,-8.77990172885
290,17.9998979118,-31.1227926771,-19.3804381162
291,26.9076455645,-29.2447826322,-25.6802598232
292,35.9383865754,-27.1150002383,-22.8123127814
293,29.8352792565,-22.0359486958,-14.442568578
294,12.1726643104,-29.1401123741,-15.578444615
295,5.54617853588,-40.5555599721,-10.2096553008
296,11.3679766489,-39.2998078017,-0.650791291493
297,24.1478357436,-27.2488805199,-0.360080793162
298,37.2297624689,-18.9905860173,-5.42856904599
299,46.2915457299,-17.0353845569,-0.381449222189
300,55.1791235853,-12.4407284171,0.705186663981
301,55.7780779235,-5.85548529915,-9.20119689674
302,46.891145876,-14.9878955129,-19.5179637147
303,39.7198411083,-23.0258143873,-6.07444017381
304,49.8539814109,-19.5449072597,-2.61740711812
305,56.2882017753,-12.5845648788,-6.42398275997
306,59.2352090865,-7.29123265094,-11.6527743318
307,58.7599502088,3.73020137082,-19.9982108549
308,59.3643012828,-8.58518633708,-24.2124799009
309,55.0267573619,-17.3845919032,-9.34684165111
310,38.8301872385,-27.7878941203,-3.06238317274
311,30.7559010482,-31.4937609815,-17.9056771902
312,63.3435181787,-23.2245587256,-3.01334571899
313,40.5188580353,-31.3500784643,-7.77565798906
314,29.990424911,59.1517743302,-38.4292735229
315,41.6402605471,52.8592208253,-47.6288703631
316,24.0655861918,52.7128866629,-58.1471767089
317,18.2182370539,61.1522093861,-36.5294077855
318,19.8562326124,77.6068000786,-27.2497052072
319,6.31982582873,67.7130010935,-49.0401476495
320,6.21073628548,47.7239209605,-58.6819764852
321,7.31959638227,50.511388571,-48.2533050712
322,9.94627964571,67.8546477336,-51.3425811239
323,20.1500452939,79.6863755073,-45.2619323366
324,18.2195186377,67.8023354999,-33.016899282
325,14.263440684,60.8038745538,-45.4292201283
326,9.37914106983,60.8442847681,-58.2743754349
327,30.110082154,48.4995050075,-60.0249667562
328,47.8749880605,46.249012234,-42.9034164102
329,32.4285708414,59.8354012944,-45.2358962639
330,15.2753606236,65.3144307116,-51.4487496494
331,17.9795512798,64.2595732628,-59.9910813574
332,25.5832559503,58.5664212822,-61.2453346595
333,30.9912542518,60.7158878589,-52.12272361
334,33.1270076701,65.0341967807,-37.0387366376
335,23.9171661373,65.4204699276,-27.6134815358
336,20.324976895,56.7475294559,-30.8327387697
337,30.5054933869,47.1140289054,-36.1657330881
338,45.287558111,45.4918681974,-33.5895095545
339,49.4996650456,55.4527921627,-37.5632487363
340,37.3483944864,66.0374174833,-43.644824299
341,37.713067065,58.2872575007,-58.7263306609
342,37.840100841,49.5424119544,-68.608551921
343,30.8553199725,55.6439128246,-70.6008034248
344,29.8635238857,67.4006464203,-56.9806038778
345,30.7744185489,72.3916011578,-36.9902911171
346,21.3766489274,72.6318626063,-42.5733091408
347,17.9233950055,64.07346271,-63.1656622649
348,25.6307749387,51.1634425798,-76.671251254
349,39.35947994,65.6105883444,-58.8326009947
350,42.3816295093,67.478808264,-33.3076724068
351,53.6364579748,59.3168728898,-40.488215417
352,32.4302179045,49.7572308225,-64.4560425889
353,21.385493478,68.2220318078,-72.3308979264
354,35.8309907878,76.4623558579,-65.5745877042
355,47.2997588505,70.4150223847,-43.2300597053
356,61.2376912874,57.2037041669,-32.8211250253
357,62.013565982,58.7886650587,-41.8898478444
358,53.2566357389,56.8289066602,-47.1523717034
359,51.2401413638,47.7218393092,-46.1202514018
360,62.4287367832,48.1673519606,-30.2467658815
361,69.7074165224,66.8885104446,-30.7589006776
362,59.2386352967,74.4393372824,-35.6472599156
363,48.3941703001,74.2337729993,-35.8547262061
364,37.1282064698,77.5559942816,-44.1969299875
365,40.8977400444,89.3213380276,-48.9274571912
366,61.1876554243,73.9694351441,-40.4316289068
367,56.5802264704,55.8377364027,-47.5410085841
368,43.732283585,68.7481158971,-57.2522738077
369,33.7278225252,66.9676050544,-64.9838612217
370,29.1926317091,60.6893872545,-78.6725099531
371,53.5746313545,64.3595265572,-56.2880665205
372,73.0602435138,68.027995409,-26.7680024644
373,59.9012706004,56.2695175839,-51.6140652028
374,50.6850249134,87.9531614364,-48.0434512951
375,63.5493473896,82.3511993632,-43.6433788292
376,65.0983253466,59.6100808503,-47.6916190366
377,73.6242429767,52.8179973852,-36.4308665704
378,84.941543742,55.5976568749,-36.7726494131
379,69.8597629654,60.4503056585,-52.0050211934
380,53.3988344087,65.4991319777,-65.4062875823
381,61.1835465097,55.8121375895,-68.0489609495
382,69.7855859829,55.7090339375,-59.5237656359
383,69.7667979803,77.3238165376,-45.6495623418
384,54.7655364604,91.3081247016,-50.1852059135
385,62.2245890307,75.1355616447,-52.2684867353
386,77.0656227977,70.0035799142,-41.4774440825
387,79.6605548224,71.4855994977,-32.3669579911
388,75.2637913508,83.1759846318,-26.6528356404
389,72.9257730691,86.5882789762,-41.1253935932
390,69.6404165899,77.5592203142,-51.4694699106
391,58.4973630279,77.7287053402,-63.3208295251
392,58.1179813857,92.0227361655,-54.039864012
393,65.4622340325,98.8525535993,-49.2831123902
394,66.512466785,80.2971758452,-58.3255561372
395,66.559107005,61.5165258111,-67.2984866901
396,74.4006320448,62.582100886,-60.5536939786
397,66.2559746969,92.0489530848,-51.9864130947
398,87.0870022494,91.2790109557,-48.938463428
399,89.6094523501,105.46056326,-43.101050252
400,79.1717703554,102.682665968,-42.5656900722
401,74.9497235521,91.1232379712,-45.3384766032
402,68.4496916778,85.1535084875,-62.140239559
403,69.037462661,73.8931707943,-71.5363148449
404,81.6399222629,71.2405189201,-44.8506071333
405,90.962129169,83.4225533818,-44.356540956
406,79.6109121562,81.1086195927,-63.1984034117
407,70.5154635491,101.959131964,-44.7321927287
408,79.0535850431,106.452649965,-28.2639116986
409,-2.52152916382,27.0629668453,21.9243970059
410,-0.78718801839,38.6903356587,20.8019048877
411,1.54605675532,39.514270398,29.4762392152
412,0.966077147853,36.1908662224,39.0373268845
413,-8.73552696719,13.6743058787,20.0585792564
414,-24.9791480111,1.68688456771,18.4656924178
415,-19.5584780697,10.4353876251,18.7601905828
416,1.00259594904,23.1182323382,37.6011040323
417,-21.4605857159,29.8065507702,51.875819963
418,-19.8184796032,10.7229113365,24.7325638739
419,-8.51129884222,4.38556521705,16.6687419443
420,1.11753265219,10.0416553243,24.460486351
421,-6.77799846648,16.7619392221,35.5648674437
422,-9.83630309053,35.7704219903,39.1638915387
423,3.26615089247,47.6640925864,35.8983096543
424,3.58821436967,27.1382939525,48.9933914539
425,-3.28970583764,29.7338159581,70.4630445393
426,-12.7696923066,29.4678163897,61.4241229502
427,-4.97656112913,23.8701898362,47.0171772922
428,3.33452826431,16.1818181597,36.9621561166
429,-3.22687871754,8.90785168727,31.3090326476
430,-25.6335388345,9.34499239742,28.8981784218
431,-42.0214120969,12.3884787054,36.3801208585
432,-21.3464657757,23.1528329087,43.7480105559
433,-6.59257747418,33.6088305153,51.5196722452
434,-8.67314427528,36.8347157443,58.1778813221
435,-24.7614186584,20.2357369879,48.579509566
436,-27.2525112212,4.83408908963,29.3813494186
437,-18.3414435905,3.40072077306,27.8578791065
438,-9.81189884594,14.6339473803,41.1726731592
439,-10.5587397448,24.3194782769,54.672878943
440,-16.8394790873,33.9198436441,71.1207492821
441,-31.1324513438,46.5134717422,61.0787459111
442,-17.3876429361,20.6803143615,51.725788962
443,-2.94900264473,19.4483399263,63.9696240506
444,-28.4391612296,20.9272198304,56.9280539598
445,-35.7788662738,33.1413022959,58.4667756054
446,-29.3177787506,30.7780905773,65.2810035073
447,-17.6977177373,8.78555978693,53.3558014952
448,-36.8891272759,11.8980599703,54.1413847989
449,-12.5161207222,13.9783721334,67.9783676129
450,6.98425582575,14.682367752,57.8056719562
451,-0.147393077167,9.20911290454,51.0846067748
452,-10.621796453,13.2624396632,53.890417651
453,-12.8076819778,16.8447512091,68.8531104639
454,-6.96533448961,16.3724316823,76.3317964683
455,1.16452232602,12.748715298,70.8631590855
456,-3.00456085411,8.83677167817,61.6853906888
457,-11.3804996377,5.39529092361,65.3786294489
458,-22.9980364083,23.8606553355,74.4162246595
459,-40.7244218879,45.1461133711,77.5413614835
460,-31.9788417696,50.6007258408,83.5850832559
461,-24.9958772296,43.3355533639,86.4783515254
462,-23.5467356637,19.1971854184,65.0906717543
463,-38.2583004358,12.532136136,43.7379977716
464,-42.2721089025,26.6272427523,55.0353006906
465,-31.611270627,31.7212409689,67.7455007246
466,-28.5620176574,25.255135041,77.3037691011
467,-31.4933395764,31.4544239609,83.573797817
468,-37.2539659242,31.3770391886,91.1198113607
469,-31.0451253986,23.4918514262,97.3901344255
470,-16.6700736681,9.57013648397,76.633531467
471,-22.7837729544,6.61311939062,52.8183230272
472,-24.0336549321,7.43416014431,75.0094192331
473,-8.41536167564,17.3801115166,80.8253282029
474,-31.0055831953,13.5943603568,75.7523257535
475,-38.7700971504,31.4110555549,69.6820853128
476,-33.9188286612,45.2536296484,86.1229146256
477,-41.3208804493,48.0424959051,84.6436607898
478,-38.8078610872,31.4842103724,74.2600766779
479,-37.32514323,15.9995445299,64.0372844088
480,-36.1111582637,7.79370688368,70.1205076855
481,-31.8480380992,11.5751625223,78.5306256537
482,-36.4141055205,23.2233389087,78.1603214443
483,-43.3898188899,22.4797349119,67.3607113556
484,-55.9328120465,12.1855255922,61.5066425492
485,-55.732997764,-3.35974531141,70.3444236732
486,-46.4225775044,3.14196854587,71.9681063731
487,-40.7491235458,16.4766241704,76.7386969597
488,-34.9257966092,25.3874109627,87.8467254899
489,-32.0322388447,15.5158249184,93.7405524104
490,-36.3480092429,7.69564415691,85.0923152996
491,-44.0127362158,7.19632207216,67.9617991194
492,-52.8307509747,-5.62152014045,68.6813807585
493,-33.4636122921,-1.42946606651,87.4336167985
494,-19.4214410032,9.0511121812,86.2022276927
495,-23.5371490244,-1.72833333813,81.704198344
496,-31.5308291496,-6.57600258781,89.5679387708
497,-33.7116270362,1.79821512342,98.6835219832
498,-41.2034805803,17.8154513286,85.4372418746
499,-56.2302122756,4.76529610196,69.9017683698
500,-49.7838667207,-9.00969805106,82.5129276911
501,-42.2383672159,-6.47697946953,82.6037833471
502,-47.2041272605,20.3381594339,77.1179205809
503,-43.639380859,37.2370601595,90.8065279671
504,-44.0141713654,30.6153211613,95.3515286986
505,-41.7960269452,22.3777710664,89.0866641064
506,-50.1670436773,18.1793845513,78.7840548914
507,-56.114568683,8.88857538753,71.6704412026
508,-42.8482260405,1.86659178333,90.5952788555
509,-37.2519481143,16.9949049246,101.825740852
510,-41.9935956806,18.9606723976,94.2288466196
511,-48.8878884001,1.18763941742,87.2901778083
512,-60.4413339232,-12.8509153864,83.0015013337
513,-58.4101248929,-16.6651358533,74.1210381075
514,-44.2715713607,-13.9377228415,78.5800599699
515,-48.4465143936,6.11703344073,91.5073360651
516,-52.3850635825,27.7931599218,81.5733794337
517,-50.9045356309,37.445778831,80.1242468763
518,-47.2961613269,14.0704451456,99.3765123848
519,-58.8258650908,-10.5856519168,89.2755254689
520,-53.3525740973,10.8250067482,90.8303514898
521,-44.4125399704,8.98284896235,107.791780653
522,-60.5783642383,-6.2735324001,94.4986077846
523,-62.9335060148,-1.49365550226,77.2263038076
524,25.126093255,-63.5897053692,7.96794682072
525,10.9335792062,-49.1110345025,2.20971836259
526,-3.90674598951,-50.7062647296,-12.1899249762
527,-6.74720893363,-57.8151612743,-5.95266805563
528,0.499770899661,-61.5866191946,-1.15040329195
529,8.10056973953,-55.5290242011,-1.33285951091
530,12.2333854236,-54.4030537647,-9.58888441967
531,4.50259046572,-59.4880905613,-17.0411954341
532,-4.2309034183,-68.6785739638,1.32970183803
533,2.38332023726,-59.3875350796,16.3580859521
534,4.62299266418,-58.9987784665,-5.76064940352
535,-9.88551850822,-58.979291197,-23.8000590221
536,-11.3143728623,-66.8173214351,-15.3995266815
537,-1.13204157521,-65.6927712057,-5.45714242835
538,-0.334195661967,-60.6560411242,6.44677180806
539,-5.75004021901,-52.2395232424,6.42516200282
540,-11.7838592374,-47.8959677866,-11.7849925529
541,-2.03682173526,-44.768921349,-25.7932720978
542,8.90001190026,-36.3305932676,-24.3436053728
543,19.1294478166,-36.2669821281,-36.6463420787
544,26.3166107119,-36.8516774508,-32.6260063117
545,19.6536735087,-41.1229069258,-9.72612890778
546,30.9942924107,-36.1304209474,9.52113996313
547,33.8131138397,-32.1218049477,2.10865672533
548,24.1866852404,-39.3818702133,-18.3818302899
549,26.4990950943,-39.8246526602,-38.0790426378
550,36.4160896322,-35.7261286267,-28.5320180878
551,24.0815491087,-43.2440530728,-9.3099504249
552,18.5432928973,-59.0118765251,6.8827303497
553,25.2508896429,-71.8100347325,9.96401834727
554,20.7061830381,-76.7422715819,3.06674891484
555,20.33170405,-70.0826739571,-3.57210669387
556,19.3883485633,-58.2177320684,-4.67624960377
557,29.917969319,-43.8565001838,-14.5327978052
558,18.1674608117,-46.2233353759,-32.9612773621
559,10.1813877525,-39.2425742397,-41.3386876993
560,20.167825786,-36.807373668,-46.9328024198
561,18.8315064908,-53.3990489167,-27.9900072181
562,-4.83650465956,-59.7692064104,-21.8002082775
563,11.6999677983,-50.3770933098,-23.4383576601
564,34.2169307187,-46.8252101739,-17.9097034927
565,29.528668886,-48.086410962,-30.2828951939
566,38.7925730801,-42.0714693641,-42.1379884527
567,49.0924212327,-41.8901876711,-30.8357321055
568,35.6203218752,-51.2343032754,-18.1642015898
569,30.9747785679,-44.9937999647,2.53363383801
570,40.6528977771,-40.0841991144,-16.3960935243
571,39.1199900667,-41.5462300861,-35.1116352018
572,48.2489866721,-36.2774736086,-35.6247120137
573,56.4413793151,-29.806985047,-34.8718157108
574,56.4621004824,-30.0213833409,-25.543658049
575,45.6470622562,-41.5723208661,-10.4747647476
576,31.229627029,-50.1973543529,6.2655464937
577,28.3116951487,-57.1987680528,0.726454793655
578,49.2875935718,-43.5156309257,-16.12981094
579,75.6198540195,-26.4763541127,-19.5476709792
580,75.3234263955,-37.2329703824,-16.5543937601
581,62.6030147741,-35.9366413937,-25.7127397661
582,42.1522254382,-46.947138367,-37.4076037856
583,28.0170690809,-53.0028675007,-27.500149719
584,27.2234144292,-58.1493883065,-17.8083855547
585,44.6077533076,-58.5345369737,-4.52358190523
586,58.0826774831,-44.5033598448,-25.3343604589
587,46.4089327331,-52.2614768062,-23.8529159647
588,40.5612467868,-59.4786067132,-15.879580894
589,37.6189991392,-64.5378843636,-6.9281190594
590,38.9233078227,-71.5641115531,-0.768209791013
591,45.4242234822,-74.3836040771,-10.2910678012
592,51.5413325431,-68.5930876998,-20.690997678
593,62.3016079766,-60.969010374,-20.7746730025
594,67.5878524506,-64.9817825737,-9.21300936567
595,59.7877520934,-64.3336942007,-1.48038705775
596,55.1379664113,-53.233825296,-20.5346670874
597,71.7637573314,-34.6754250955,-26.6198018754
598,62.3920654582,-52.8270090811,-20.286582922
599,-48.1694663103,63.1438177953,-22.8363583183
600,-46.4568754352,67.0106292942,-34.9470191922
601,-45.5041063903,64.782957442,-46.6216993696
602,-44.220979317,55.2369516991,-44.6854099886
603,-28.6259272156,60.9475257415,-41.0846596161
604,-18.1240917944,47.4752096765,-30.6825791814
605,-38.5057798238,46.2244267592,-37.2099045702
606,-21.8306922889,51.2932265205,-44.8228837763
607,-23.5174923243,35.567512706,-28.6729797464
608,-34.7007291515,22.9871642051,-14.5207896429
609,-43.1365043238,32.0475884196,-21.7867259909
610,-48.7003371767,49.1669610042,-27.6279674463
611,-61.1574742063,48.4836698089,-27.5573963697
612,-58.3230848394,38.0348226991,-23.220284436
613,-37.5647309803,48.9644104596,-41.700506649
614,-21.5998681681,48.3102816492,-47.8027074594
615,-41.0606848098,37.2856864116,-41.3886642336
616,-49.1802602558,28.1032408903,-27.9883281246
617,-44.7530335389,19.7406372552,-7.52740482229
618,-32.2061547331,15.4127241179,-11.436695178
619,-38.3580479869,17.9540557402,-23.2714087749
620,-53.0926022877,23.9377029248,-27.265247571
621,-51.7462969977,35.7802787763,-41.4296573906
622,-35.9829319959,32.6450322299,-43.0492189653
623,51.5887817767,17.6960950011,-14.7997962261
624,46.8030030955,7.236548807,-4.17345823416
625,26.8297145468,16.9896209405,12.3147744166
626,39.3092973256,26.6023221429,18.196385466
627,39.4166860635,20.3661977412,-7.33227790782
628,21.3285000553,23.1482197215,3.79184505622
629,8.271050282,37.349334054,19.6037228894
630,33.2182983414,33.9930726434,23.37785279
631,48.5881896682,27.5122765332,3.66603498168
632,44.678979081,25.7320855325,-6.49862925293
633,23.5173135569,29.9933768668,10.1807322806
634,6.45372973399,50.6680215069,16.345305632
635,14.2220555569,52.3213063979,7.86935869926
636,31.3305156489,39.028318363,1.16072692742
637,38.2213915486,41.4601864667,-13.7616992096
638,28.2836147069,49.1711943611,-1.56177381955
639,29.9724361394,43.1426304631,11.2881505421
640,18.2692581924,36.91426384,11.9874307681
641,14.358101888,57.598174457,14.4046324799
642,27.4720285751,62.8569497048,19.1354905315
643,23.6866417658,48.4163679964,16.6390419196
644,40.0068267044,33.2899063923,10.2609344048
645,-0.428885884511,-16.9092199368,68.055047299
646,1.20247355174,-1.60555504775,53.4717876937
647,5.88542336015,8.47926812806,44.0444655677
648,0.954142989097,7.26530733035,32.0303133099
649,-8.92833530479,-4.13546945422,51.1222854547
650,-18.2402630955,-13.9456756093,72.1671781978
651,-26.5032303123,-7.5541821947,75.4477639275
652,-26.6603984417,0.649283144535,62.1456127806
653,-15.2229369437,-4.77140986843,48.5184732021
654,-0.86550657435,0.779366101629,36.0942042798
655,11.9444020766,8.89379905212,40.3064917798
656,8.57862533868,4.6587804604,48.4023776647
657,5.84450498295,-3.07838680573,44.5721432262
658,-9.27756977545,-2.43389407322,30.4953259232
659,-25.7263008415,-0.675706000616,47.2062381055
660,-17.216948755,-4.04699177887,60.469811863
661,-17.0018525241,-20.5888382245,75.5065339273
662,-22.8405015658,-11.3086754546,67.0877403577
663,-16.4649984982,-9.14207217336,50.0965551172
664,-28.718769255,-11.5602250878,65.1243503234
665,-31.8819922791,-20.7548114586,85.1238392443
666,-40.1101517661,-17.5876351241,84.5482052394
667,-39.9489754768,-16.0518448,70.789910172
668,-20.9069854392,-17.7884739831,62.2463600415
669,-17.0694309043,-14.8182842743,47.2943360761
670,-27.5935906015,-6.42904659713,40.7919638383
671,-30.9573149315,-5.16861830469,56.2681562643
672,-38.481926588,-4.62789064674,71.1023138301
673,-46.3365663461,-7.25373986925,67.5740544812
674,-32.776615033,-10.8035656826,53.6845388916
675,-11.3313734351,-22.7107126839,56.4244926046
676,-30.3336609862,-10.5847872953,47.2064812958
677,-45.4480230662,-17.99104135,59.733743629
678,-43.4923649086,-5.22632885144,38.3117753363
679,-37.034402349,-1.7257417352,20.7325692376
680,-28.80162913,-10.2459748952,19.356337268
681,-31.3256644177,-12.5408150537,40.2013003447
682,-35.3373336233,-16.6553362726,61.0071951144
683,-27.605144335,-23.3052424779,63.5631593542
684,-25.4883536151,-26.7766371418,55.0815431483
685,-40.7593373568,-18.0510036588,49.7528294771
686,-51.9713286515,-3.33705318065,44.9941834159
687,-50.6764558605,-7.65867981162,34.4792969062
688,-39.2041748765,-9.00378539012,28.5298718116
689,-29.2713766383,-17.1920423257,31.5849352212
690,-26.9839876427,-20.9681543329,42.8561203348
691,-24.5413284593,-22.1077273099,55.1044603486
692,-15.5117102974,-24.6850570773,53.9157826531
693,-9.10093000572,-24.0214354888,48.4490620605
694,-13.5903556218,-20.6645620654,40.2642614421
695,-28.6672798535,-27.6483530802,44.7155344872
696,-42.4078227509,-16.691008045,43.8076728362
697,-38.3473120219,-11.828081524,32.8019511825
698,-32.8751231568,-21.0309185986,30.1583238079
699,-25.3901559224,-27.3481402566,35.4138985914
700,-20.1275348928,-18.129281619,37.6157769011
701,-22.0415819645,-11.0077233608,27.3487130934
702,-16.0420825064,-23.5513859673,23.484242967
703,-21.8217774555,-33.750448039,34.6597824413
704,-33.8331338467,-26.8503688078,32.6973171626
705,-50.4318706692,-13.1255081218,45.8955236069
706,-63.9204557283,-12.1796882228,63.4388542047
707,-67.489132694,-5.32566401488,67.0643154826
708,-70.2328649083,3.11470109119,62.8332393995
709,-60.3911549284,-8.65406891565,52.531803133
710,-40.9724113928,-14.3800883889,26.1348565049
711,-25.8826039001,-7.18765541276,5.33380647148
712,-18.6408506355,-16.5356134754,2.67872555872
713,-26.6058850678,-25.3602986815,19.2115345326
714,-35.4351579184,-31.0073044395,47.5703319284
715,-41.3801903971,-28.6868759892,72.0489346523
716,-52.7406939432,-23.4270369242,71.4672308238
717,-44.2099094794,-30.2020375756,47.4820950845
718,-19.4699280935,-26.8337175951,20.5692433779
719,-12.7232472254,-23.3970863939,2.78637123408
720,-25.074982199,-33.4478239381,17.392079049
721,-46.7111872397,-21.108097782,38.2494652233
722,-26.5844496644,-12.0836250601,0.46629618595
723,-43.6326696007,-25.4723685222,29.4133426139
724,-51.1987530305,-33.9775988682,63.0747395762
725,-54.3366517458,-30.1884281422,56.2966879301
726,-53.7203674519,-28.9110346926,47.0301285419
727,-35.9457940295,-26.4589617248,18.5741684769
728,-19.3199662879,-44.8080161863,15.6614859985
729,-36.2527302568,-45.3822433907,37.5147245486
730,68.3897295413,-21.5324599951,-35.6343401922
731,44.3576809311,-13.288711552,-34.1702765804
732,52.4269537567,-13.918271668,-48.1372085916
733,71.8780301751,-17.7153568279,-54.3348139518
734,84.9327200613,-19.0489250797,-50.5062674213
735,76.7333934077,-20.9363840686,-42.2630482458
736,57.8521195265,-13.4859363735,-54.1339903042
737,51.3259522405,-2.08148502577,-68.0444324178
738,60.1706940999,0.5733707948,-69.1277674128
739,61.5300065366,1.32940252417,-59.141188333
740,58.6448556069,-9.45917322522,-43.7385059712
741,60.6734696931,-21.0785404314,-30.796273453
742,69.8185385481,-13.1104429713,-42.2587414632
743,69.1472416811,-3.24286854473,-59.81244798
744,77.3035494251,4.24643276737,-61.3455243697
745,80.7031484674,4.85126551612,-50.8842127747
746,76.7939756884,-4.17932992816,-38.5670689554
747,65.8386614824,-15.0793927905,-31.4118009003
748,57.699455123,-18.7232405861,-24.9481957183
749,53.4730935943,-5.70928453769,-24.6070473668
750,50.5570284352,8.0858777061,-32.8881319609
751,48.6245703478,4.35616321272,-44.8479099588
752,62.9846092465,-4.58105777919,-38.3800782678
753,78.7871234164,3.41309662914,-34.2171643228
754,69.4101017827,-4.52396509874,-48.9399609405
755,55.4635961806,-10.1912436722,-66.9676960304
756,63.04485525,-3.88971257165,-76.2539300165
757,74.3462575233,4.87489487634,-51.4337536046
758,83.332973592,16.2834460903,-28.3227238264
759,79.7784563977,22.9463706463,-26.0403600504
760,75.2983363809,26.0294922792,-34.0369918533
761,72.1245260122,12.8399462227,-50.1236595105
762,53.1223175142,-1.42096407508,-59.5677923604
763,40.5103937294,-5.27682840145,-60.9940290965
764,37.4190576045,2.2445376007,-63.8230451124
765,43.0634123169,9.81522796335,-58.7909043802
766,51.4309337985,2.11782254071,-53.76584661
767,65.9506333261,4.04907285449,-48.5896294519
768,75.7634553951,10.1317669875,-46.6348577892
769,77.2729936639,10.8690988398,-39.4730518309
770,72.7427500499,11.107237596,-31.2433887139
771,56.8729682531,9.11801318228,-48.9919235529
772,58.0015361333,3.50635527717,-70.7860326178
773,69.9285460993,13.7627488489,-59.4154394919
774,74.6895122883,12.6262913317,-29.240840377
775,92.570749815,6.4810516879,-21.5288551413
776,86.2701407402,19.9322441704,-33.234634226
777,66.4483205583,24.6451207138,-47.4083564089
778,60.277888022,20.8230327142,-38.2057301733
779,63.0566027769,20.6737234674,-28.8777300804
780,69.4714326635,7.95085147233,-28.7932662529
781,60.9854748845,5.66990469126,-45.6633155379
782,46.8881231621,3.28635662114,-51.2921731564
783,40.6202563186,15.6983523087,-55.4038619899
784,47.4130148382,22.3823420005,-52.8971232248
785,59.7625118952,11.2402666206,-74.1359966711
786,77.985975268,16.2500822316,-80.3638403264
787,64.2865115547,15.675328649,-58.8028695871
788,63.1856667116,17.6765203312,-58.9489056999
789,45.6800321505,18.0231987308,-62.0826022561
790,46.4501965829,25.7753330089,-57.9445727511
791,58.2506124278,26.8507393454,-61.8438496563
792,78.9422922364,30.3818983225,-43.0780192002
793,66.8667682331,41.5272327834,-16.80346734
794,60.9622757582,47.8074346845,-17.9010526869
795,55.8030762135,37.1058692941,-36.6400102708
796,69.5453307475,35.6145175952,-51.0694313713
797,78.1031548754,37.4940623735,-39.2096447565
798,81.1868668914,28.8592368233,-41.5814524294
799,78.9214122706,24.8591841404,-56.2441313635
800,55.0521145986,22.6112674804,-68.0941499845
801,29.7670200731,21.4770495415,-61.6508446571
802,25.5664073315,26.2196134736,-67.1428694933
803,35.2659523531,36.3881128015,-64.0278796332
804,47.7700334409,30.3854178417,-52.1850122885
805,71.7971247366,25.6439069828,-61.6502968315
806,59.8564727623,8.84423489367,-84.2259935531
807,53.8578352242,20.3599415557,-73.4488185199
808,75.1262961076,33.8921506277,-64.4920497518
809,94.1894563652,42.6608492018,-71.4137161523
810,79.327777737,36.4846605071,-77.8172004702
811,76.1850210167,44.9042848999,-59.7736836941
812,86.4502804282,55.8311901209,-52.3874042206
813,91.8821657389,57.4575380933,-41.9963555621
814,75.5190305036,41.3502356342,-37.4132509185
815,68.4137950593,36.0649534098,-61.2060200184
816,61.5890795378,25.0132111675,-78.2232731125
817,48.4443116982,35.6335922264,-72.0934015841
818,37.9287355978,40.0307529621,-66.9898823645
819,65.707621059,45.2420943099,-47.9696775517
820,88.1207784113,65.9494550852,-41.5251870856
821,85.9543910379,61.4019237304,-54.4951618345
822,68.2160757487,41.0717191973,-64.8311872028
823,49.2747545955,33.1250124837,-84.3175381058
824,46.206745109,40.9203881579,-75.9127294702
825,75.7612394168,45.6382896163,-65.2750524358
826,94.0791157157,58.1137886653,-53.944480165
827,85.2847104018,62.9680188636,-60.7264347449
828,79.4640404174,54.260801809,-65.6828902757
829,70.8631328486,49.430698179,-57.1932596693
830,55.6025552399,45.0248270174,-53.4365416972
831,54.7449183306,45.0394276763,-64.9477251358
832,72.7801067677,54.2117088049,-71.4832852093
833,94.377573809,60.3570370663,-59.1887874251
834,106.879592682,67.609920541,-52.3182467742
835,85.6945224649,69.4809866636,-55.7680039875
836,67.0309914087,61.5513064828,-73.6306375357
837,57.2987061258,56.163837405,-72.3827123433
838,59.0476925206,48.3653593296,-65.0616558235
839,55.0045757177,37.3030724977,-64.9232646051
840,68.5396777184,32.5132814567,36.1749697595
841,91.9049463776,18.4361746539,52.868782209
842,75.0218552588,18.5337995066,35.0316382222
843,63.0089857913,37.3584067002,18.0678483807
844,63.9499332198,19.4239917764,15.2483877237
845,48.4682787692,15.2859432551,31.5674921651
846,46.8026558505,19.3278225323,12.6617683583
847,65.35330251,18.6242754373,-2.29556256694
848,70.1496898187,11.5091560928,7.32286333396
849,78.6114534571,-0.15557092167,9.37879991158
850,77.254339288,-5.99020443899,-0.0723980687988
851,75.2770631301,-4.06047093958,-7.52292726621
852,66.6728974279,3.47557204498,-6.88117063122
853,66.1178346829,7.26310301247,2.96829298831
854,69.0368286275,0.030558912325,13.9226948301
855,65.0971738199,4.54321935279,25.7296336296
856,55.5073454575,10.1893872201,26.3726121483
857,48.2466142601,10.3877513265,31.4263376534
858,52.5948348958,5.97278541679,40.786567639
859,72.4085369417,10.1260505562,38.8442990911
860,84.9276135117,13.7520870647,51.6039758142
861,80.7045402474,6.61545228595,57.4671931635
862,75.9209128081,2.36519332106,41.2694411707
863,73.3170926947,1.45365914297,22.5784461294
864,79.3195704355,-9.75322181774,29.02298072
865,75.1894500825,-6.41922629028,41.3811502262
866,79.0313525321,-2.55740250441,50.8182671499
867,86.0734178562,7.92381208126,42.9945621377
868,77.8081553897,15.4880237971,30.5866279838
869,70.8896928588,14.9134262511,22.6067465506
870,75.7019664629,5.00760109127,20.0035497757
871,82.1493511336,-4.77701148091,31.6933083721
872,72.4245046238,-14.650313728,39.1075979191
873,73.4210149929,-8.72494836587,4.72682466156
874,60.3510558978,18.0389148637,6.90210913954
875,48.1634825885,16.4918256579,22.1889685223
876,62.8237879129,0.701150661808,25.8203277371
877,76.4227125331,-14.133703169,30.5100131011
878,68.8939932161,-2.95827426804,10.7143902213
879,63.6051712812,-2.84255429259,-13.0537585113
880,75.5112460968,-9.90446762167,-20.8661284509
881,79.027754713,-13.5974252056,-0.856368936572
882,84.7967800445,-13.7092911487,15.9773212751
883,92.9449212933,-4.60188571824,15.0451892406
884,92.2650665869,5.38079287993,22.5138320393
885,-22.0743662463,27.9078268895,-40.1306780311
886,-6.63869397604,29.3613633667,-56.0831815511
887,0.745782895608,14.5639515419,-60.1732554466
888,11.4461668373,11.528837176,-64.7930957744
889,-9.65098180199,7.38129718853,-62.0604459106
890,-4.57590001578,30.5616801172,-53.6355198719
891,-7.65840526988,10.7548642503,-50.9361875757
892,-26.049467788,2.10087833959,-42.4489580086
893,-27.9938006138,10.36289302,-37.4667426711
894,-16.3290153474,19.0870546205,-39.8591576157
895,-4.02366744155,25.8924656984,-48.5535129613
896,2.4255636817,15.5061939255,-43.7399133667
897,-2.31013837802,6.15938697083,-56.3300363159
898,9.45714313957,3.76448361218,-73.2345056838
899,5.79649712291,-3.62400837491,-78.5475001174
900,-7.92241052128,-3.90241541706,-67.9731609236
901,-18.2051941582,-4.91009352404,-53.5608420771
902,-17.0814577417,0.124834591052,-45.1200499523
903,-3.84159941845,11.2588361856,-33.5094371838
904,-11.531128028,4.33661368423,-22.3220040744
905,-18.9850030093,2.53630356805,-32.8541003523
906,10.5308924611,1.48807648996,-36.3437118979
907,18.6976678058,5.67106824003,-58.4704471098
908,3.79302321589,4.08100949841,-54.9399460932
909,3.34554991405,-0.943098100661,-57.650793956
910,24.4090930964,-0.360221197399,-48.2630853679
911,15.02163025,1.17659605917,-52.9184016078
912,6.65575718678,6.08370588351,-57.243087272
913,6.49371340762,13.4872278927,-50.5887068796
914,14.5978492052,2.32490925471,-43.0189776359
915,23.7803864963,-9.33880139471,-33.9006860721
916,4.47886559607,-4.52928098522,-31.4734587709
917,-3.80890228109,-1.87867918092,-20.2106055148
918,10.9619004711,-0.521705037222,-21.0882901752
919,23.9617147438,1.17687958571,-25.0638143303
920,26.6569480596,6.80365961437,-17.982720103
921,8.90781822193,4.81392553688,-20.5646573221
922,1.3139828492,53.0086034115,-26.6500170222
923,-1.58528728374,52.7148588617,-8.37940285919
924,-11.7945701139,46.4673257699,4.7822863331
925,-19.1352073495,45.3220364533,-0.775075718939
926,4.19785105728,68.8166036335,-6.36889489906
927,21.244236152,61.9506265827,12.0660774005
928,10.0476531453,65.7718575367,1.51869588654
929,3.51484142957,68.1034630025,-9.91647326347
930,6.75399878704,63.0618214295,-18.07518645
931,3.32700477931,47.3363893199,-12.354005491
932,3.91688582853,39.8076213958,1.99396577361
933,-2.1568415753,32.624882138,-0.984039461971
934,-2.69621835225,38.3062634016,-11.2543424531
935,-10.4790188305,45.8804165516,-9.39170693273
936,-5.83496561333,44.8603052792,1.11518926096
937,-10.0030425634,34.5534248276,6.88384228162
938,-16.7352671268,28.132039551,3.57226788151
939,-5.97559422168,43.3383442379,-6.60042356116
940,10.0032630465,55.6975859166,-19.3251743214
941,4.48084096111,43.5764530708,-20.6197969574
942,-2.88564746053,32.6681201374,-10.059775902
943,9.71593605898,55.2863954485,-18.2950112248
944,7.68185791279,36.8045103758,-13.007197411
945,10.2289620644,43.6865667809,4.61394298203
946,1.23838059525,43.6252217174,10.7939817634
947,4.15408899987,30.085944835,5.6372673444
948,9.63299704954,22.252105616,-12.269665136
949,5.27265724174,33.9807408679,-26.3851875777
950,7.8578369849,42.8510066737,-33.8536134307
951,21.9751119746,52.7308542425,-29.6863349372
952,20.1407782059,65.6757683455,-20.7251292714
953,12.9317263976,54.548484468,-15.857304793
954,13.522137283,35.0557517403,-18.8625751456
955,15.366931714,27.3017112478,-12.7366264236
956,16.1104459711,29.3383400489,-4.71590753853
957,16.5536780856,38.3311252102,-3.35043493623
958,16.69461314,46.0973206912,-3.38898060161
959,10.2964950109,48.6490113396,-10.6514195954
960,8.83305248761,43.5490966833,-18.0636107895
961,9.84627109945,34.017196598,-15.5521660572
962,16.8667564596,32.1662391853,-10.7024966296
963,23.2626201621,35.9200270661,-20.823813215
964,12.0519603961,33.4928343081,-29.9931168522
965,7.70692075487,19.8917018944,-23.2469452668
966,13.5883939747,10.3161554352,-15.1385382735
967,24.3710745389,18.4124699915,-19.4788710889
968,26.417993705,32.3471683178,-22.1573102061
969,29.0393960457,41.4361892621,-21.7587447003
970,25.5686976827,50.3036383673,-21.9980038987
971,20.9177977968,49.4983118347,-11.8202120631
972,21.293546654,38.0989049313,-10.5399216161
973,18.7515722863,36.8461490949,-20.4299759985
974,16.458234789,44.4969714189,-27.9682641266
975,18.5495498147,50.7041032152,-21.5213998158
976,16.4592629114,52.9005968219,-13.2981688113
977,13.8577472112,56.8026747806,-4.58775334453
978,9.821746579,52.0067471125,5.61158459892
979,24.4929132761,40.1181997015,0.747177934919
980,34.2642635474,30.9485536488,-15.4193308128
981,24.5542575772,19.473314815,-7.19860614362
982,22.4654796977,4.13897889035,-11.797806194
983,26.0609731462,28.566556851,-12.586234657
984,28.7504806088,52.5163005048,-19.7377569107
985,27.0785155386,28.4008255177,-22.9891233775
986,13.191079208,7.97533647244,-29.0974168626
987,21.4179600375,13.9768568887,-37.9221212353
988,28.084232022,34.220421365,-31.9018870693
989,12.3373114304,29.0209489417,-55.1617160765
990,30.8970156135,13.4761435151,-25.8449422106
991,15.592837257,12.8396824033,2.65698661493
992,18.1834307737,28.2745513555,3.3982710492
993,28.9213388,31.8491348546,-1.62995896292
994,32.4236373376,27.5539074252,-7.5350261947
995,31.5340928668,15.9609905702,-7.60567844359
996,29.4977350697,3.14986186255,-1.18682391122
997,31.5615725864,1.42775606765,-17.0805963688
998,18.883214924,4.60040030267,-34.8980987308
999,16.4356664713,5.58243202881,-46.0146581468
1000,23.6276977578,8.08209318295,-52.5773575656
1001,40.4957707953,18.2077003491,-34.04392581
1002,49.6701039792,21.5096728125,-13.8640336645
1003,42.4362065197,11.544121262,-12.7970397174
1004,36.4794171085,16.4760093346,-30.9209812874
1005,26.9964299973,34.8430344209,-43.3839116175
1006,19.155684824,35.3992567922,-54.2015127295
1007,19.3157168616,25.8058400482,-55.6039238804
1008,32.4527369423,23.4038785709,-41.8147184335
1009,47.8399133733,30.1748716955,-19.6629000128
1010,55.1354044471,19.5330493558,-28.6901670823
1011,41.752060329,13.6218628057,-42.1367981497
1012,45.4283670409,5.76406291884,-39.5525860498
1013,45.4264922473,2.03641483478,-19.5721601208
1014,36.8118566661,-3.91033347297,-3.44983683898
1015,34.1940871035,1.64869491404,1.96651189071
1016,44.8309124505,11.2832299822,-13.6793781311
1017,51.6879455582,13.8111498626,-35.0996160375
1018,43.9679948378,22.6600900318,-42.4171347755
1019,34.0008823078,27.1468814075,-44.8684062855
1020,29.3815418153,24.2304340864,-49.7963245597
1021,37.1951004864,8.17801168234,-50.1280048012
1022,45.8076570998,-0.250363658941,-22.505207748
1023,58.3661753566,11.4455135127,-11.0747906416
1024,69.7108150465,24.3510120498,-0.75512136443
1025,37.1734312445,-13.1861997329,16.6793606324
1026,-102.163768185,-69.314552095,9.15319761748
1027,-86.1684843614,-90.1564164949,17.5090694553
1028,-63.8849960831,-93.6133325581,1.82058098605
1029,-58.474629172,-81.8888884767,-13.0510590819
1030,-67.9777999205,-76.9761500677,-13.9039913145
1031,-81.1154584355,-77.0570439709,-2.31907547181
1032,-95.052194127,-64.9727899568,0.939760435345
1033,-90.8124958572,-62.9928749472,-10.9483485175
1034,-82.0072816259,-68.6427386396,-10.7825082465
1035,-70.6657867491,-71.4249712972,-16.144296167
1036,-56.1743857886,-76.92067701,-13.0649343412
1037,-60.9869266787,-82.5815230531,-4.66039157504
1038,-72.9681791323,-78.0695581949,-2.93649454467
1039,-81.0402710823,-68.4421980598,-0.617962804347
1040,-78.5994511459,-85.6510154546,5.58749804109
1041,-62.3672596357,-91.0079978177,8.04921071133
1042,-66.7847176047,-89.7113458415,21.4464977683
1043,-86.4065637528,-88.0409491626,22.3607046085
1044,-94.8213661134,-75.6277578628,27.0906266384
1045,-73.2932221808,-79.6002821359,24.5904649627
1046,-57.7653245687,-93.2158866393,21.7185403279
1047,-52.339834751,-93.0737834669,12.1204207471
1048,-80.2746813675,-65.6061551621,1.48027969217
1049,-81.5862742239,-83.477024568,9.31567490647
1050,-57.937577536,-68.5291417601,-5.95745347571
1051,-70.6938416785,-77.4831570318,14.123067704
1052,-99.37709571,-59.0467761473,18.6973954624
1053,-91.382266857,-52.2681477621,9.74471301527
1054,-82.8608090432,-65.0029352766,7.52332847752
1055,-72.0499746147,-76.5244081318,11.512497013
1056,-61.2726488208,-73.8510111927,5.76099829972
1057,-64.9312400801,-65.6843157707,2.72194815085
1058,-77.1763036624,-66.1248331486,9.35507671076
1059,-81.4579189797,-72.854310427,19.3026120094
1060,-70.2067784842,-73.9615631245,16.1329963561
1061,-71.3260822814,-61.3881192206,5.44172270551
1062,-66.4261118259,-59.0247225862,-9.63124868141
1063,-60.1767087756,-69.6620120711,-3.52704979353
1064,-70.0223224768,-79.8151629961,7.62223724257
1065,2.55806160875,-18.8252826798,-56.100810399
1066,-5.76858417552,-14.3114740501,-32.5251654359
1067,-15.342938753,-10.6494345741,-35.5116209688
1068,-21.4846899342,-8.48822629442,-43.5931106038
1069,-11.3822975059,-14.4223247546,-55.0211863992
1070,-3.27385236621,-11.4191863004,-36.7671685919
1071,7.1342401174,-18.3694344101,-27.3099876098
1072,20.7721450634,-22.1524291104,-42.9839472525
1073,8.23439566367,-14.7658397564,-51.7669683693
1074,13.9390950404,-17.1814594216,-34.1359504127
1075,20.7831590978,-18.1827981563,-35.0211494156
1076,26.1801176914,-20.8177668278,-44.9768997298
1077,11.4429276396,-11.7209922413,-43.2666275444
1078,11.8406434124,-18.2760462862,-24.1007278161
1079,28.7005502337,-24.3739132971,-33.2952711005
1080,29.5007544163,-17.4743367651,-52.2803691267
1081,10.4491272962,-9.82489769766,-55.1094093042
1082,-7.15640790639,-8.2045005644,-50.3442630104
1083,-7.57261504301,-10.6819601628,-60.0323289291
1084,3.65193723601,-5.80983724926,-61.3700945087
1085,0.510010456959,-2.19776812043,-49.4080548458
1086,-6.25298695468,-6.13482078247,-35.1617920148
1087,-1.56621650208,-6.43066477544,-20.8707340525
1088,22.4711336409,-14.1198541763,-49.7695098934
1089,13.3407919068,-6.58558397525,-57.5120272891
1090,18.3210191134,-9.16408253339,-50.127966566
1091,25.9730075858,-10.4993173448,-46.8490672723
1092,31.313155475,-7.06405592676,-54.6672510575
1093,18.9090837792,-5.6546162112,-66.0340154926
1094,11.7288435471,-10.0471951037,-81.114305152
1095,20.6103682105,-13.5291434158,-82.8814468801
1096,32.6434518485,-16.8116842665,-51.8140707106
1097,16.4155462979,-13.4946029053,-15.6301965625
1098,23.5512194895,-7.72168276573,-4.14216960184
1099,30.0978320637,-11.731332038,-21.5692372763
1100,39.7461081453,-14.0001928689,-46.7108167431
1101,40.4501242044,-27.3577680229,-60.8340946328
1102,39.9978409868,-17.7003125664,-65.7860748804
1103,42.3525387761,-14.3684187795,-57.0989039079
1104,43.5504560702,-15.987096561,-50.2489675261
1105,44.8751743149,-23.0863262191,-44.1394772467
1106,43.0210343371,-20.8837733184,-32.8402218475
1107,38.1038779544,-10.1427074232,-29.1976765848
1108,35.7492036818,-0.154493565288,-41.0411216626
1109,33.2531536493,-3.14315021729,-56.2368251551
1110,22.0523100944,-4.45496623611,-36.516623173
1111,-26.9055231461,99.6991139097,-27.186329433
1112,-15.1019300631,102.779833434,-49.5165061065
1113,-2.13332118768,81.6164332323,-43.6300392717
1114,11.1920983749,75.0349788212,-24.5938290273
1115,10.1114309685,63.9110433522,-25.8143162797
1116,4.96293836702,57.8122578141,-31.3194948177
1117,2.80195637237,63.037863899,-38.3231717628
1118,-16.5883410805,70.2697289292,-39.2198870596
1119,-33.8355408454,81.4893399582,-42.3615135874
1120,-11.5743315075,88.3841320964,-41.5931443925
1121,6.61353761469,82.6585259911,-27.2305128545
1122,3.78736503844,73.6985615831,-27.531085939
1123,0.357397316495,67.1492971679,-29.9045921214
1124,-2.79396760936,72.1949510443,-38.6348988716
1125,-4.72885195655,83.9545863519,-33.2879826038
1126,-30.4155764533,94.3347861924,-29.8653709241
1127,-45.8541587258,90.1306783932,-17.3165930439
1128,-31.0134010156,87.9633753736,-17.4626043544
1129,-21.4369180078,90.7419506393,-26.8021131921
1130,-14.3924074746,83.5752013917,-39.3387348881
1131,-4.65532207741,69.9307214038,-46.2817255384
1132,2.85616664734,64.3705594887,-32.8890174711
1133,-21.3589757781,68.8377558566,-34.1103226471
1134,-39.9273614051,81.7887391272,-37.8017564858
1135,-26.8204257011,88.1618155459,-39.2346864177
1136,-16.0951924588,82.7892360977,-18.0317724548
1137,-18.0124416561,74.1626792686,0.127843452553
1138,-16.7850970423,68.1479129858,-15.5101670774
1139,-20.7322757813,77.4536798864,-29.9130731194
1140,-11.3463080901,78.5360205152,-31.2590474334
1141,-2.8877073328,69.4204071204,-25.8375589889
1142,-4.09183412665,55.2048404455,-20.6866395516
1143,-13.2247733679,57.2636962483,-32.5529183073
1144,-26.1801531303,55.485226856,-42.0846049269
1145,-23.8068919205,48.2174557831,-29.719934107
1146,-13.4904480698,62.1331102075,-26.8827020514
1147,-30.2516101736,70.0592282532,-27.7064494214
1148,-41.6286326,76.1733617354,-29.1186141173
1149,-31.399881173,82.1125501688,-33.4338017453
1150,-20.3142770057,83.015656303,-29.4732779881
1151,-19.2514792138,76.8482376796,-11.4047497985
1152,-14.0379269462,61.6658330354,-6.85433241725
1153,-15.5526461615,59.0566718349,-16.1202861469
1154,-28.2725751252,68.6453525653,-20.4000812519
1155,-41.6818652309,82.129962857,-29.7241571781
1156,-33.2407818706,91.1368223628,-36.0839222364
1157,-25.5517434848,86.6493764142,-27.164881207
1158,-30.6549214067,81.4922670354,-16.2678061702
1159,-36.2176353017,88.5716082618,-23.5391523913
1160,-47.7572831062,89.0789419449,-30.0691082593
1161,-53.2457962686,83.759632081,-17.5660313929
1162,-40.5476711064,81.6368329343,-18.7917899224
1163,-24.9035022301,73.4036583782,-15.0197815376
1164,-19.3244609306,58.4745345931,-12.3326677066
1165,-29.1724853024,62.7892323012,-30.0396074115
1166,-42.0024937578,75.08974142,-39.0464310188
1167,-48.3284055927,78.4611863509,-30.232432621
1168,-32.5774154946,73.2356120532,-10.516580505
1169,-22.6087254662,54.7558201753,-13.5630950061
1170,-31.9574254034,58.0944993172,-24.6004671606
1171,-40.4325289154,62.9699422835,-30.1000503588
1172,-34.5755605014,64.369135719,-37.5195891551
1173,-15.7363221283,65.8316252755,-25.8875976804
1174,-4.76776012662,60.7776246962,-12.0375490688
1175,-5.93310190141,48.4865236872,-13.303757711
1176,-12.6764374618,35.5223093037,-14.7084877244
1177,-20.0340214069,31.1971062272,-6.93661911264
1178,-26.7113915199,38.8230916112,-12.7790411524
1179,-28.0975434172,59.4730250267,-12.7811966974
1180,-44.6817575076,78.9228749135,-0.147453422442
1181,-53.9302570151,80.9042294225,-13.246247379
1182,-50.077332205,74.5464642002,-32.1127680747
1183,-43.5837697504,73.5270252206,-43.8054719852
1184,-41.3936986836,58.4275088068,-29.572379872
1185,-44.5429863934,57.7664645552,-8.69036622906
1186,-44.6551064766,66.9192633192,-7.38885858635
1187,-39.6450409575,72.5423583096,-13.3371555634
1188,-33.9007282056,67.1636036061,-17.7538260722
1189,-20.7014491727,46.6927190159,-19.4970970164
1190,-19.6610752638,30.4630311896,-13.5385456984
1191,-43.4851919643,43.8778983267,-18.2265914921
1192,-50.1975898278,57.0885230714,-7.22971331447
1193,-48.667618934,69.5367797303,-12.23424249
1194,-50.6766891838,68.7825694166,-21.7633423579
1195,-56.6401703093,62.2916053074,-25.5021513349
1196,-60.5675364551,49.8795885437,-23.0047147648
1197,-50.5172107883,35.4839117828,-18.1027688801
1198,-39.1483176255,44.2358836895,-25.1870593323
1199,-51.4999041352,54.9758384114,-24.2928797394
1200,-55.7718862763,37.8154659533,-15.2207407188
1201,-43.8858274748,26.9636679718,-11.0022816275
1202,-40.6336140023,46.8800193149,-14.1522500776
1203,-58.7023091692,42.0753172083,-9.95590440568
1204,-14.1256450111,78.2410221684,82.3240635267
1205,9.22614706753,76.4400115155,83.3690495753
1206,-1.47430036093,60.1388596068,78.6012035289
1207,-15.984397806,56.9858481053,86.0370937879
1208,-19.7338541701,73.1294052868,81.9763366828
1209,-25.189266049,76.6637039972,74.3380772065
1210,-21.2924723482,71.6363813898,66.7727707359
1211,-10.7428736428,67.3770829515,72.241101513
1212,2.16539176575,69.951169459,76.5878035839
1213,-9.24926031131,53.3461596199,75.5469769278
1214,-37.9678276414,69.8509840718,80.6115606987
1215,-30.5990802036,51.0117347874,79.2304794081
1216,-12.0152118765,42.7922643519,75.3918672691
1217,-22.9872017149,65.539872775,72.3628728506
1218,-32.9116007593,76.2813496193,55.7564535679
1219,-19.2291438272,71.2408125465,58.0067930663
1220,-22.8094673409,71.8704008303,76.3893721087
1221,-34.3261232348,59.7054619175,78.1565833025
1222,-28.9134795347,53.718078801,76.7021222413
1223,-14.9630406345,57.6456117452,78.2061492089
1224,-4.84997930632,67.3807107456,74.9569630406
1225,4.44581087782,73.035443104,71.0537869688
1226,3.03893964958,59.0969109515,60.8372037002
1227,0.85358567154,44.9032047872,50.7871540683
1228,-9.55704606657,37.6172351081,51.9205224585
1229,-12.0415525441,43.8451917782,60.454583729
1230,-14.8357483728,55.5207660605,60.5931083714
1231,-13.9304653029,58.8738737803,55.6366432332
1232,33.5611175639,58.8282014903,34.2661021083
1233,25.6254336257,55.7151431497,28.1917222499
1234,2.75319042077,58.3065710201,42.5242102972
1235,-24.2229330434,65.4341257497,42.7938816229
1236,-38.8278744858,69.4775203692,39.2119343314
1237,-38.1936285776,66.8574042747,48.2419254119
1238,-31.2080085933,65.6424686406,55.3297766344
1239,-24.9341885956,57.7040330545,69.2941851795
1240,-20.4113855006,45.0450931534,68.0383723997
1241,-29.3492499562,51.5418266305,57.6854227731
1242,-40.2688721604,55.0786135865,49.1216202158
1243,-35.7845359415,44.5500359727,47.9558550801
1244,-25.697039926,40.9973706186,50.7174526892
1245,-14.1661460117,54.4904753194,46.7811944254
1246,-7.60617117823,68.4696908188,33.6977844363
1247,-2.16878035409,54.8860044597,43.8488408263
1248,-17.4383860983,41.2367630827,58.7161565588
1249,-15.8117781267,37.4872275699,47.9244580021
1250,-15.0893358437,51.2123485424,44.2182954685
1251,-14.4690599283,65.9752326352,30.3858972717
1252,8.70350149295,69.2312192608,23.5149914712
1253,10.4801662861,69.4736279965,34.5167653766
1254,-19.7606727147,65.751308482,35.6213049688
1255,-20.8171561473,46.1927699217,48.4913333552
1256,-3.63706841697,48.4365161292,39.3103739553
1257,6.35874624047,57.0851350857,24.1438416096
1258,-10.6841151516,54.7192393833,27.252439129
1259,-29.1938710249,52.6344005257,42.1840430309
1260,-22.0444490607,68.7974719509,24.5349242495
1261,8.76317506521,61.5154795815,26.185459341
1262,14.752679613,53.8098768813,33.3463840311
1263,22.4254275892,51.4037101578,30.623001272
1264,-8.78047065717,58.8743399429,27.9365346537
1265,-34.650360922,40.7410942724,35.5003022344
1266,-28.2307548268,38.6588940367,34.7888280507
1267,-15.254732589,50.2109352098,26.9016848796
1268,-1.75820395545,56.7342314819,11.9933904812
1269,1.80237722048,71.3230410111,12.6075731154
1270,35.2057033431,14.1313892008,44.4345479439
1271,40.0002644179,-1.8823630013,68.1946483631
1272,26.0551905658,10.7812475204,70.3081524778
1273,16.2645416982,27.8642534217,58.8678406319
1274,5.48109261389,32.3567346988,54.8288236277
1275,-0.077650206978,32.7376207468,62.7079109282
1276,19.5625894389,33.6769295504,67.0992147462
1277,37.4211074771,17.4573906469,68.042824593
1278,20.1855440562,13.4070454871,60.8643174779
1279,26.9547349157,29.9847727575,45.0989442518
1280,42.3473708136,13.8347979331,51.0595443394
1281,45.7996493401,20.3081589107,34.3602767479
1282,42.1002885158,12.9789334862,58.8752210477
1283,44.8487474146,27.4309667455,66.0876793562
1284,53.7538370473,11.6340055049,56.2248681281
1285,60.6938211011,0.935649073806,46.8069763877
1286,62.6257686156,12.3210866636,39.1127699465
1287,56.0264864823,20.6571534256,46.4873255409
1288,44.1656421869,27.1422945357,60.1391602502
1289,36.4156170283,43.0385738247,58.1709991408
1290,46.5990667632,32.7568491102,47.9633816152
1291,50.1053154173,16.8572839003,47.9946568651
1292,36.1704267597,25.5594437793,50.8892099214
1293,45.0939665675,24.0496394983,37.5328026897
1294,55.1563606863,21.6122040904,34.01503956
1295,59.6432479722,22.6474865148,42.0834564519
1296,56.9390673065,29.9417944572,45.6487518986
1297,30.4603453542,32.0814025357,49.3567604968
1298,32.9318263664,39.4231370625,37.4590807552
1299,19.1234057619,45.9444934699,33.831873958
1300,19.8432677379,43.5064546236,42.7583069148
1301,25.4070216001,39.0629314637,47.7386131635
1302,33.5416548181,33.7204138287,48.4430585795
1303,36.4362562484,29.6598351232,54.8164318862
1304,27.2126927653,37.6578947671,61.8016621861
1305,29.2319194452,52.1872917984,58.0017521294
1306,56.2186353341,32.9089644097,56.5433349601
1307,67.0110305141,15.0210106278,34.569895715
1308,59.9913455567,19.953580313,25.3531084767
1309,51.3772378845,35.9072872277,37.7693099959
1310,27.019764809,48.4345230737,46.1486285013
1311,10.4502843807,44.6028176742,56.8689698057
1312,17.6330452887,36.9139545396,58.9605649366
1313,30.961280211,39.7150878009,50.5874713043
1314,51.0956490578,42.240387771,53.2591326518
1315,61.2856434801,31.0019633989,47.9204694058
1316,54.5694574878,33.0220817954,33.4102587047
1317,46.2241210989,32.778846793,20.3112733132
1318,35.3771138473,44.5220249883,34.92643428
1319,25.386152658,45.0915942851,55.4347197158
1320,14.0330479267,43.6694906264,59.3764449469
1321,12.8466039982,54.4456102591,61.6753970426
1322,33.9452047875,49.5248572546,35.7262674506
1323,51.0619557583,43.2635506804,40.4648643249
1324,35.9169093878,66.5077514579,67.0937695874
1325,45.0874078108,61.6439081472,67.0435711181
1326,53.6932688413,55.8903752675,63.8857194633
1327,66.9299042704,50.3067596272,61.0873974751
1328,66.8295107828,39.6947322749,57.5977014611
1329,50.3877368768,56.5768407195,58.6427835676
1330,58.3278884691,66.8037510761,72.516552405
1331,54.6244963958,63.0057553935,60.3103698401
1332,40.6598085224,62.3883269053,49.1803425518
1333,23.6719832086,68.6600966004,55.4357965724
1334,14.0362213819,58.6472480076,56.4573823785
1335,21.2532877306,61.4942884385,41.4506336282
1336,34.0453512929,52.8930051093,25.1568838913
1337,57.2193053082,54.963607538,48.7524519794
1338,50.0072547437,73.7690202176,62.7566296378
1339,38.3498489679,71.5903935381,53.1308746181
1340,43.547016814,56.9209703132,35.9343754448
1341,44.4739173055,42.6681272584,14.4098188795
1342,55.0060577751,39.5249398849,26.8924084523
1343,64.222275135,50.1439322444,48.5686959934
1344,56.8027706331,70.6140501712,57.2556136903
1345,44.0471644949,74.506587403,53.0487779309
1346,46.3866438043,68.0933018462,46.3082715424
1347,37.9836879265,64.6465879568,35.5222774089
1348,22.671860195,67.8403722561,43.693863738
1349,25.7638791188,77.4783744142,53.7182930725
1350,33.3501629926,79.3211148648,38.3899326563
1351,41.9389981011,86.3039004554,20.8363050908
1352,50.735778232,77.7961477351,14.412691563
1353,45.6635691387,69.4749906055,20.3011729842
1354,35.0766458469,71.716964671,34.9678856365
1355,33.4510477383,75.2577515388,52.5022413842
1356,40.9848104994,80.0016758844,54.6964457904
1357,58.3367953838,70.2934334195,52.5324843813
1358,61.6274749048,55.0057078705,42.1334887323
1359,70.0322732845,46.4438269374,48.586228154
1360,75.9749728475,58.866315774,62.2823577734
1361,72.1846031115,67.123595612,55.8285946481
1362,56.6851737442,58.9706816848,36.5681199783
1363,38.7134688146,70.178965036,38.0303761524
1364,50.5306892571,68.800426202,40.8358148135
1365,57.9457405629,64.4805366684,45.3646423966
1366,60.8339600846,73.8749496092,50.7289867228
1367,47.8086281497,81.1271562021,49.1807298894
1368,35.1106017067,92.0460970205,54.5959308523
1369,43.5498254907,94.5120652045,57.9723680562
1370,54.8896888152,77.3135598574,37.3595791347
1371,28.9781703627,-61.0434200702,-64.6740231977
1372,15.4454475375,-63.0630260387,-74.3069739389
1373,22.4292961343,-49.3365476335,-76.6255736261
1374,23.5561849858,-48.1242791135,-67.6804367957
1375,20.5375645502,-56.5940625702,-65.0219183286
1376,31.4104880917,-67.6242015399,-75.9404071178
1377,49.9236921862,-64.4544531572,-69.3329688498
1378,49.2985722898,-53.4896367465,-64.1951351197
1379,32.2008185515,-55.0161565886,-71.1892017716
1380,28.4443820232,-56.7755358269,-88.1053828384
1381,20.0002016367,-44.8151834807,-70.4355705859
1382,26.1250113298,-55.1921691012,-62.8751658691
1383,26.4613193474,-53.9687985292,-84.1232401223
1384,28.3353605135,-41.9901308682,-87.4366722991
1385,28.7860416447,-38.2190432875,-77.562029496
1386,37.0777994555,-37.2236418234,-71.2176035152
1387,49.3546299734,-46.4980867555,-71.3196509194
1388,56.0993679693,-48.258949129,-59.7785317126
1389,44.6941718572,-46.3096600376,-55.6628632799
1390,39.7554806762,-58.1618734284,-60.6651789134
1391,31.4200316791,-59.7661681809,-48.8784643953
1392,29.8925639348,-41.9147131419,-53.8161140374
1393,25.2622858065,-28.8360776754,-62.9673228216
1394,18.7229800963,-26.7088305131,-71.1534806998
1395,25.0759563864,-39.9096989048,-78.1932516377
1396,37.5216769899,-49.9234608216,-78.5620184974
1397,39.751361198,-48.5196183295,-63.2980447324
1398,37.0142505407,-39.0349016681,-43.4036166447
1399,45.4680992481,-31.3319295032,-34.6446231987
1400,51.6294815799,-28.0243287318,-38.3520475923
1401,51.9930561115,-29.1184648495,-49.4045030023
1402,40.9517789035,-40.8720125373,-64.1455586361
1403,30.5639309977,-61.8151358801,7.22338801971
1404,40.7196683075,-42.3962717583,3.67294126984
1405,41.5494314441,-23.8545800933,3.07321463105
1406,39.2198192774,-27.4533108349,13.76303641
1407,34.6335118954,-42.0074388366,19.8230849519
1408,30.0951100222,-54.1998291098,17.3758189006
1409,37.9066441934,-58.822317204,7.10623191377
1410,42.9982077875,-41.5717527646,10.5128062241
1411,15.3539802541,-30.6031282478,50.6200054038
1412,4.11219833421,-46.8410777538,38.6217558148
1413,26.4959693515,-50.2231152256,17.1681402991
1414,13.573483975,-50.2204736453,11.9617714903
1415,5.42897605897,-53.8502184261,12.6246641445
1416,-5.36780644781,-45.6755362257,31.5139195421
1417,-18.1537877995,-39.4732195256,50.8816640777
1418,-23.9190952663,-46.3407442991,46.541696876
1419,2.20358767981,-49.5904529184,41.6425110759
1420,22.4403469133,-56.7311047928,30.8620101628
1421,4.01214176437,-46.3702976333,43.1793172583
1422,20.3576049659,-25.04723729,53.0542352923
1423,31.0766500996,-31.3575964341,49.9834111872
1424,34.2919760502,-38.7439523075,48.3949066586
1425,28.4608493481,-53.5925016629,37.9233822374
1426,15.842570749,-37.8337320493,52.1077929927
1427,2.21925701913,-28.28248517,68.6058380071
1428,-12.117597816,-31.6813542271,67.9074401854
1429,-10.5442906763,-44.3628860793,55.5434809622
1430,-16.7229162979,-57.0051066206,39.3112376308
1431,-29.8757925405,-64.3944328905,27.9840962906
1432,-18.0182122171,-60.4004402386,27.2107704263
1433,-10.2901538148,-59.4682760284,41.1265046311
1434,4.21248423621,-61.0216342304,42.2202204734
1435,7.41383363245,-61.5297975699,26.8349263455
1436,16.8145761592,-60.4451782322,18.4368795222
1437,23.2728069179,-64.7766343684,26.7795852569
1438,9.0768395036,-48.0855858978,52.7583507489
1439,-17.4659860445,-32.1347190625,73.2041258085
1440,-19.9813485457,-29.2008003149,83.9473175887
1441,-7.15072392747,-29.2894596882,85.8495799661
1442,-2.76879835542,-40.5986599896,67.8603698112
1443,-13.6851263743,-54.7589382185,52.7279138157
1444,-8.36227437292,-61.0144187488,46.8330315758
1445,0.391861714783,-62.3366228504,50.2941625083
1446,7.55941926336,-46.6770921505,60.9208718459
1447,6.99270974055,-34.3143340359,78.2132832326
1448,-8.06622422385,-37.2419642409,78.158963512
1449,-19.4062810706,-44.1022489472,61.2927250854
1450,-26.3410648748,-59.2011489366,45.0118318876
1451,-15.7194385819,-64.6058000023,30.9756633623
1452,-9.80142039705,-57.4112577554,54.7323785388
1453,1.42088151192,-46.1971779119,65.3647559974
1454,1.726480596,-61.0305176832,57.4254853195
1455,7.78220614569,-67.1302287336,36.840023361
1456,16.8721953091,-71.7790445518,27.6924961146
1457,15.4781572999,-75.4156903212,39.1144825538
1458,-4.25865959189,-71.5402130301,48.1387442158
1459,-23.4150827201,-59.0898224191,60.4762023973
1460,-25.1049347717,-49.3492244338,68.948040907
1461,-14.4685073709,-49.6056736759,73.28726075
1462,-5.78267365014,-58.1639305334,69.812790443
1463,-2.12961519796,-67.0346315039,63.1079611258
1464,5.75766440147,-61.7820987265,60.8926974559
1465,5.42507286416,-52.5653634827,66.2458484945
1466,-3.48869501891,-48.3081531602,69.6399757003
1467,-11.7647268377,-53.1696794345,65.7731869621
1468,-20.2507807945,-54.3803622784,58.805027276
1469,-22.9042395368,-42.2889184775,65.3250767828
1470,-21.8651556324,-40.8399040184,75.9842651795
1471,-19.5738568769,-46.2936250161,81.7612816928
1472,-12.1220192178,-61.1194803499,68.2252832273
1473,-6.42099592238,-79.2191232491,61.6767903236
1474,1.85868677227,-77.8059339397,52.5636424413
1475,15.0024719676,-60.2499198049,51.3297549739
1476,17.4340362504,-47.6542893508,64.7905255744
1477,11.7648806983,-57.9601224862,68.7170063935
1478,8.30968815495,-68.5593540406,59.3513986731
1479,8.09491889703,-78.8501480663,53.4998018896
1480,0.117031619437,-83.7294823292,56.3103052437
1481,-13.6007832666,-70.9522976442,50.9792942446
1482,-30.0628809592,-62.1506720801,48.3639163895
1483,-20.0639622155,-56.2755321107,74.1761198912
1484,5.37739166378,-54.9851898178,91.0747886362
1485,15.0750359775,-54.8044028749,88.8012336573
1486,17.9936156005,-54.0382871881,82.175775582
1487,-6.69248510529,-56.7914907167,80.0018462331
1488,-29.0557452794,-53.7687705529,88.3447221456
1489,-24.5684404293,-44.6442573344,89.2858077243
1490,-15.7285864791,-42.6372367533,85.5775972238
1491,2.46261216371,-57.795663675,91.1016046127
1492,-19.0435308739,-37.8850994343,21.0842358014
1493,-5.4319206719,-48.4423300696,14.9607358774
1494,-15.2476697808,-55.3970185899,27.7015521439
1495,-28.6712246637,-54.6095388211,38.245238008
1496,-30.8804951145,-44.0142327882,48.5700259548
1497,-19.553374818,-43.1251815223,36.0984084947
1498,-16.5244421254,-55.3393286013,21.0141294091
1499,-9.93335146715,-45.9511152998,18.6732676906
1500,-8.63985095076,-43.504890867,26.5146000933
1501,-10.8138850428,-43.5717371802,33.7943872662
1502,-17.8227742253,-45.8467527097,37.8361689166
1503,-19.9081777228,-38.7915764955,46.1189091464
1504,-11.3215482773,-33.6894774992,47.8145896303
1505,-2.21539408688,-34.1379117452,48.2895289533
1506,8.73873373578,-31.8915064796,52.6269942012
1507,4.945134181,-19.6231976097,53.1933847148
1508,-5.38222995039,-29.4304010455,30.1053890993
1509,-8.32199291031,-34.3873083841,-0.810507877396
1510,-14.435015045,-20.3326224687,-9.48311319712
1511,-5.22360542517,-21.0341854393,19.8572164364
1512,4.54387734451,-41.8497936839,33.7594706976
1513,-4.10551665828,-39.4176307026,5.32830271561
1514,-8.5028802036,-20.662777275,2.25928721126
1515,-0.376828103579,-35.4950467225,22.7625261578
1516,12.8190334496,-33.1682607298,42.2971024038
1517,0.887262995361,-18.0860878011,35.9049512652
1518,-16.7100487319,-20.4188252346,27.1199176655
1519,-12.1793311801,-29.9111451194,34.5663935787
1520,-1.67871806483,-24.4657759275,47.7826219321
1521,3.31066981009,-7.75229358967,51.3269065497
1522,-5.55895227528,-12.13067375,38.2512034018
1523,-12.8233992281,-9.46463426907,16.8043976464
1524,-15.8409511682,-4.47206568221,0.869792076252
1525,-1.56873001624,-17.5563854963,-2.77355059077
1526,-4.78871869539,-25.3450318036,16.058975868
1527,4.26713473794,-32.8527391553,26.8644117906
1528,15.7254298777,-32.8355417623,38.7338080755
1529,15.6757629257,-44.7364114476,33.4095262027
1530,4.32368198715,-48.630266036,14.0768671041
1531,0.903918977998,-37.4409373727,-6.39978625467
1532,3.45927631043,-17.0115578406,-10.5506330831
1533,2.83968092912,-23.8902744583,8.9717659803
1534,0.746740276764,-13.3007344361,21.8199481762
1535,-8.72510970037,-7.99205534289,2.42798024939
1536,-15.4783231373,-1.80588153249,4.95485207265
1537,1.42949492768,-14.4080404697,31.2046925026
1538,18.6329900831,-39.3527075069,30.8998663369
1539,12.896050003,-43.2944577137,23.5123419997
1540,8.84784695241,-25.7780201195,26.999320535
1541,7.21823295259,-8.43013544804,29.0014882999
1542,5.80305109808,-24.846371944,16.714448507
1543,20.5259094283,-41.884249849,25.7362870929
1544,28.2572989986,-35.5286773247,37.4553978819
1545,21.4864138496,-24.9565962481,40.9594251516
1546,14.5277072844,-32.975788353,17.3413759692
1547,10.5794365514,-25.9687861498,-1.50367714025
1548,4.21289713394,-10.887787412,-11.2261791353
1549,-0.879326718516,-9.04889097157,5.29639669568
1550,7.7684053207,-13.2179047776,19.5428737922
1551,10.6408322945,-3.1597221008,22.1579687126
1552,6.53234463268,0.461432289331,12.4270365103
1553,3.13772929202,-8.35276100241,5.85664177655
1554,9.82433237941,-12.3772113218,14.7476524954
1555,12.8502082884,-17.9805254735,24.8062458831
1556,12.2019474858,-31.6938439945,16.2301055929
1557,7.22595333158,-36.3571809449,-4.50792850955
1558,5.99699699563,-31.141736521,-12.9924273143
1559,11.9024664763,-23.3111606364,-13.6368335471
1560,15.2753589205,-24.5697479405,-3.35331316391
1561,21.3458285843,-36.5659315381,14.0752099915
1562,29.2044593748,-31.4484618413,33.7105306334
1563,24.782720378,-18.7937055974,25.7635698586
1564,15.6293786124,-19.6965604732,9.15222601238
1565,2.65887363731,-10.6181753896,-0.910750014759
1566,-3.76547146111,0.862104349112,-2.16696816233
1567,-4.86101447509,1.08605171736,8.15591550875
1568,4.2727656354,2.10660017842,22.4384446488
1569,50.0635629923,36.8616677712,-11.4215518605
1570,49.7415248121,37.2607804328,12.1337056319
1571,37.1879864786,36.2146425076,11.2652521073
1572,35.7243986853,39.1558981983,1.54740421177
1573,58.1106257345,35.9350251717,-1.04746086805
1574,67.1610058055,27.6439314002,-17.0258748593
1575,55.6568912182,40.1627712226,-23.3088413922
1576,61.9733778409,43.3511962395,-12.5724476662
1577,72.2182092979,41.6783246381,-6.8539704482
1578,69.6788130802,33.5447228471,-2.17402561977
1579,48.4310706761,38.0364529487,-4.63438203439
1580,35.0460776511,46.0624278976,7.3288223595
1581,30.0851018068,51.9989395909,7.92024096733
1582,31.6962247005,57.2870451571,1.54312511813
1583,52.3709440768,41.711438411,-8.6405973626
1584,53.5365541479,33.5063349472,-27.7265085861
1585,42.5046940822,41.5489881098,-29.4484969025
1586,29.5912921746,57.0143479742,-16.8868813015
1587,14.3084545759,69.2269293882,-9.31089192169
1588,37.1885421253,56.4395898394,-17.1048581946
1589,35.3501568307,50.3574711714,-4.45503910478
1590,31.4830664922,64.0507131629,-11.1463829373
1591,47.6348815447,61.2495703448,-18.8418434887
1592,54.1727978807,50.3837040668,-26.7999895756
1593,61.7846881508,42.5209875268,-29.8933776892
1594,55.9511954325,51.7765145852,-4.72587884583
1595,32.8321301164,64.7115693616,5.66891328982
1596,39.6527654785,60.3516393584,-6.6452295399
1597,47.8392156453,51.5667807769,-3.15136918687
1598,40.9792774849,60.7675133112,-9.5217148803
1599,56.7868774149,52.5773744007,-8.91977626239
1600,52.4679223574,62.0272522711,-3.50110821709
1601,57.5427204227,68.4010440635,-13.0305708708
1602,62.8606175959,69.8862919524,-25.7136534808
1603,52.6027319146,62.3794488941,-28.9205885946
1604,40.3531980878,73.8351271477,-30.3569446073
1605,62.5369681866,71.6594680215,-27.0134845293
1606,64.216784605,44.8855590816,-1.18959982334
1607,49.7079351083,62.7758800524,-2.81531610893
1608,57.923721076,66.693898578,-24.8438085314
1609,52.8709208413,83.1651501681,-29.8346471002
1610,40.6368184953,69.3779080306,-15.6234818467
1611,-67.7399092003,23.6578642809,7.81147639223
1612,-60.3632211279,3.42406093625,4.94666024897
1613,-57.9084911816,0.791101918507,15.067736859
1614,-57.6575817468,4.18939757898,22.3153827866
1615,-61.2500052985,23.8792470358,18.7042139745
1616,-57.242105498,31.7898019795,-0.946122483789
1617,-57.6931590446,18.9252940115,4.14977769929
1618,-63.0991998052,27.2278832273,19.2012749443
1619,-28.2640252884,-36.2305428701,70.9734284232
1620,-30.2650744076,-54.5835129186,77.2401961987
1621,-30.5744494702,-54.7953022188,60.2986573882
1622,-35.9469141748,-56.9636558386,46.9899010957
1623,-40.1062854645,-55.4780188591,66.5985292297
1624,-39.5201907549,-60.7633902664,86.1812258028
1625,-38.3596206648,-67.4307546625,68.481508694
1626,-45.5390532168,-63.3168229652,52.7314264076
1627,-52.3193111304,-59.88029047,64.9400766868
1628,-43.2493045254,-53.591434708,75.7590379424
1629,-31.0118358636,-33.5885488501,77.1637232506
1630,-39.5790825595,-20.6605889624,79.5137323674
1631,-42.4529636754,-29.953165312,80.3294375303
1632,-45.6033069797,-54.5601690239,76.8438544836
1633,-57.9580149589,-73.6671023267,66.535687489
1634,-66.581402203,-65.5747708482,65.2496591413
1635,-59.6186634122,-54.5986202224,72.4384825129
1636,-44.6653642443,-43.764426884,74.8541617896
1637,-35.6273756516,-46.4574404361,61.4093479163
1638,-45.6362729037,-52.3394498861,62.689452766
1639,-51.5130891446,-52.2609685769,71.0814585031
1640,-52.3449720378,-41.4643946171,74.3370643348
1641,-54.7565018862,-35.5230336227,82.9036327741
1642,-58.1024752624,-40.7542804422,91.1040764607
1643,-58.9717668876,-51.5080921934,90.3150530669
1644,-60.4219925631,-55.2472806744,62.5432976828
1645,-45.0683778118,-63.7597216418,39.7861024825
1646,-37.6453074103,-46.7254498071,49.7893186849
1647,-47.4508179275,-55.3360445832,48.9671133072
1648,-56.4810140426,-63.6664291028,31.5459240608
1649,-62.9286126187,-62.8388016224,34.7731394827
1650,-57.1924234014,-48.0711328382,62.5315355492
1651,-68.5385670329,-33.3471197074,89.437302946
1652,-79.5365341033,-28.6944541313,84.7896199963
1653,-84.0454906699,-38.4505382708,73.192107245
1654,-76.2987018498,-47.2383578829,67.4492955355
1655,-65.4712338259,-33.7489641418,82.9782904343
1656,-55.485182578,-27.9240848841,74.1064512206
1657,-51.830723167,-38.7698698898,55.9768356567
1658,-55.0219077606,-33.9939144397,75.9271576564
1659,-69.9802849362,-48.3268455581,61.0697529786
1660,-55.4246099489,-55.9656003024,39.2335633012
1661,-57.0162381003,-64.4948771117,23.1756673572
1662,-68.7022013125,-68.4888628396,27.3224744141
1663,-65.6636712714,-41.9709188986,56.131724814
1664,-81.1283988675,-40.6147652186,60.2679688362
1665,-67.5003398683,-53.1371651564,38.08003706
1666,-52.9436356004,-49.3744665419,42.5262586678
1667,-54.68678774,-43.5480721122,54.7686929973
1668,-67.5459336199,-30.3975266755,57.0529394677
1669,-71.7057045945,-13.3621002367,56.8279612742
1670,-68.8141344771,-18.1991212844,74.8428379781
1671,-80.7173147169,-36.7293466916,71.0167561354
1672,-77.8229662089,-51.0121647986,57.1407564311
1673,-67.7230374163,-36.5868749082,67.3746862135
1674,-83.2019539806,-21.8244154468,70.1577829022
1675,-81.0748074479,-15.5432953555,59.4412647864
1676,-60.5239729365,-36.2830460838,43.6000071037
1677,-57.2766455571,-57.9001453911,24.0263926563
1678,-75.4483301799,-64.3091685138,34.0311035188
1679,-80.2040043656,-78.5546190976,33.5391320661
1680,-75.2042105225,-76.1668244855,26.3307039997
1681,-83.5954569831,-70.267291871,23.6321133331
1682,-82.9737582486,-55.2805696247,29.526140596
1683,-67.0796724593,-44.0773440684,36.3320631275
1684,-70.9770028009,-37.7213500385,53.5098385293
1685,-82.2616475155,-19.1463272613,62.4197439636
1686,-82.291049437,-8.46817450373,56.4641478671
1687,-66.4209841214,-23.240708544,46.1695376889
1688,-70.192364925,-50.0862525503,34.5157837669
1689,-74.8640241991,-58.141227313,29.2858574323
1690,-87.9328057225,-53.4545450449,51.6456314627
1691,-95.6359368131,-39.3003654901,65.9412725534
1692,-78.2472556447,-35.4903454561,47.0993811775
1693,-86.7388889347,-44.6328631628,40.9552074512
1694,-88.564990827,-32.4517564328,58.5481263507
1695,-77.5580756911,-25.6441062003,57.6782172982
1696,-66.4532706293,-35.8646593988,39.8642954741
1697,-68.3067055451,-45.276981479,23.8626133743
1698,-76.940930377,-36.7378987047,31.6350324704
1699,-88.8642275763,-30.7528797782,55.4159046324
1700,-101.474734317,-45.1291681452,52.725980176
1701,-94.7953556491,-55.8927682586,41.0540613092
1702,-85.117165904,-50.5943463328,31.4117075969
1703,-81.4238731245,-37.7077299805,28.5804580119
1704,-81.2834945909,-32.6580530409,37.8413461451
1705,-88.2876657642,-35.8137316254,45.1297863038
1706,-97.604138141,-46.8504929589,41.7391319656
1707,-102.968736307,-59.0605397982,35.3010440271
1708,-94.7421442934,-60.8854850831,27.805977562
1709,-87.3958639263,-37.2038830174,31.9886343175
1710,-69.9123006789,-23.6816860875,22.3227131129
1711,-55.6251083392,-24.7039525017,22.8257267285
1712,-66.3762847755,-22.5721310589,37.3083403008
1713,60.1801635199,21.9873657682,-58.8262226938
1714,59.5146749457,25.0595529571,-45.4529834822
1715,63.4444877836,29.2865512999,-30.9340626068
1716,51.8086801417,28.4813718188,-29.1307998681
1717,44.0129705972,36.4058644685,-38.9285656676
1718,32.9141916337,38.572632355,-55.6950129049
1719,18.8065024477,37.3631749566,-67.9875296485
1720,15.7030822612,46.5975664694,-63.5336595063
1721,16.1145447222,49.90877167,-56.1678027332
1722,20.9368820291,54.3956988996,-49.9500866016
1723,30.404020499,46.8037090831,-41.3157911442
1724,34.7546015194,34.4379786713,-47.6423191399
1725,25.7138494772,42.1358858129,-55.2911324134
1726,27.830483501,51.2221613641,-48.6587492531
1727,34.6264095893,48.7259517126,-42.323269985
1728,34.6461180434,27.4314497507,-52.0722803265
1729,15.6889345253,30.876453276,-64.0640190035
1730,14.0245671883,41.4603803631,-64.5223264408
1731,15.3008955582,46.9166285796,-54.8629493611
1732,30.315999745,28.4377932184,-51.4320246979
1733,-63.4193761974,44.8509982187,13.6472473203
1734,-67.5948565204,45.3891082032,24.7843150306
1735,-72.1369527037,61.7481010638,35.098251827
1736,-46.3886105696,-22.6220495489,75.9275728208
1737,-74.1030473618,-14.3368206445,71.9566959097
1738,-88.911339496,-0.529286069967,52.095837918
1739,-58.7583295642,-48.3597856264,-22.5957175201
1740,-72.159689893,-53.212979544,-1.68986847011
1741,-82.6156878166,-57.7047569085,12.78146576
1742,-92.4152551485,-59.8672189601,22.2517409753
1743,-93.4278835633,-41.9913591411,18.0912665054
1744,-75.2914361339,-28.532753916,-0.231317002164
1745,-79.4728393546,-19.8075783938,-16.1486650161
1746,-81.9028162607,-39.8029028491,-6.43090033659
1747,-67.7645406228,-59.0117594756,9.5810473069
1748,-79.0590649813,-59.4317127738,18.3235450581
1749,-85.5415076733,-38.2889392466,-1.99466649461
1750,-70.3452175518,-32.1590411009,-1.20099755163
1751,-78.4225156441,-40.3421982988,7.81163219047
1752,-84.4681749051,-49.1918744332,18.7072589291
1753,-70.0904716734,-51.9589333226,10.8685681655
1754,-78.2378887406,-42.5292499722,-11.2098032437
1755,-62.883464858,-48.5020088068,-11.5344989377
1756,-59.4320045557,-61.0997609569,1.9019457852
1757,-50.1394328114,-63.7465049269,9.71549452731
1758,-57.8525458933,-45.8458380701,-6.89797257564
1759,-78.0183632814,-26.3313381956,-17.8656593014
1760,-66.7762980924,-21.6983695195,-16.341200526
1761,-70.8129414791,-39.6768881745,6.03386660497
1762,-65.9151444115,-21.6210727305,-9.46473935329
1763,-65.8134639232,-33.1773297999,-4.90358880145
1764,-63.3860045789,-46.7246915703,8.66079057394
1765,-49.3261493923,-51.4147235652,3.29117081375
1766,-65.6253703731,-39.1100165366,6.2633334057
1767,-81.1589031388,-38.389773911,17.2986117731
1768,-83.9204866842,-29.4432688317,14.6151929309
1769,-75.9973590101,-25.9326766607,10.6180525418
1770,-59.2191146417,-42.6708748545,12.0548381825
1771,-43.9917668661,-46.1770644176,-12.9943094659
1772,-57.218716501,-22.3687841308,-23.0204625176
1773,-63.5590948845,-18.8416542307,-6.25047371552
1774,-64.8103011154,-25.2714940456,3.92311396467
1775,-64.4810182716,-33.4964142493,13.3252735673
1776,-74.3997849712,-30.3852214454,16.9879240826
1777,-68.7221333602,-19.0595994192,7.53550399022
1778,-57.0956355052,-29.0561216265,-4.02920906262
1779,-52.2152578994,-38.7473531507,-14.0463774091
1780,-36.2584313224,-47.9008684033,-12.414206731
1781,-38.2039029808,-58.9797347508,13.2104651678
1782,-44.7057421468,-39.2619390646,-1.58874534017
1783,-29.3166738906,-34.3099978922,-19.2770942407
1784,-25.8555950745,-25.8691026518,-26.4117793633
1785,-40.5503778828,-26.7877061806,-30.1149641617
1786,-53.9289889169,-19.9249677702,-13.2258969792
1787,-59.7130480452,-27.0363384778,10.4509066042
1788,-52.7234732435,-39.4921279306,4.02927498537
1789,-48.111137987,-24.6828661464,-14.8443856931
1790,-50.820932908,-17.3343542547,-0.761231855907
1791,-57.5056674872,-31.881655307,22.0426063935
1792,-71.8737140325,-31.0479702615,30.2870818644
1793,-64.9314199814,-43.515800124,22.1870622329
1794,-40.2998601044,-56.6147374463,17.9599670987
1795,-42.3184103868,-44.2988363797,10.7336076342
1796,-50.0881037273,-45.1122495771,32.2459613186
1797,-37.3021842587,-37.7445096333,0.918157905728
1798,-28.8235978314,-16.6767330719,-30.4498702302
1799,-22.9389059631,-19.5255457619,-20.6871054272
1800,-32.9475855861,-12.363861314,-17.7892680534
1801,-36.7132570746,-7.13691536811,-28.5797109543
1802,-44.7891233057,-12.7989171212,-28.5566619826
1803,-45.1824134959,-18.6945531359,-22.8433057341
1804,-34.063329689,-37.1940011219,-8.97630878738
1805,-16.8134394062,-56.8975558849,-0.726349954653
1806,-21.6384967547,-55.1984379585,7.57647200902
1807,-38.0490505437,-36.2281119305,6.07664272648
1808,-25.6964516459,-34.0347530012,-12.8797816456
1809,-30.8977812797,-38.1618918009,4.59152482397
1810,-51.3770570153,-27.7152205405,15.62760044
1811,-59.894828228,-30.8843692899,31.3449697766
1812,-32.6265664605,-35.3658685119,7.07943892838
1813,-11.7851700352,-18.6033089854,-20.2760277934
1814,-29.7192620736,-17.8905994031,-8.89666451884
1815,-31.8365440599,-32.5717396954,9.14376082884
1816,-19.9021198147,-47.3188836087,11.7734587247
1817,-28.5772835765,-28.2416842481,0.0743325537576
1818,-40.3771681758,-36.3349316961,21.0175588967
1819,-27.81019974,-39.7442259674,20.3218805435
1820,-37.1001773594,-22.6624249617,11.4658230914
1821,-25.0825942882,-22.1238867744,-8.2929831024
1822,19.9092907673,12.082799564,-11.7951662273
1823,5.27503004281,17.5178856542,-8.12777510719
1824,-14.3373066863,17.3489808347,-8.77120386095
1825,-29.391973176,12.0302897256,-14.4609754875
1826,-23.198354325,13.6343996359,-30.9293575192
1827,-12.1024590766,34.201998755,-38.6316586258
1828,-24.6601534859,24.1223006895,-18.7218821238
1829,-34.9399843616,20.3603027761,-19.070830011
1830,-43.31340442,25.2549700107,-23.315213839
1831,-27.9945249736,33.1376609571,-31.6892197789
1832,-6.79310631491,24.3374096829,-20.0505116384
1833,7.48360613691,14.3051037425,-13.1010801781
1834,1.27226650354,8.18965494008,-16.0013892679
1835,-3.38388038953,13.1241270104,-22.0789438178
1836,-19.7427103207,15.6790053529,-25.9212854464
1837,-33.1332021973,24.2872620084,-29.3809686715
1838,-32.5094563695,31.1520466047,-35.0001999601
1839,-14.3649039865,23.4495975075,-34.5111223258
1840,2.45255616006,25.2659390509,-47.8628047872
1841,0.631952739374,44.6110284417,-54.7225360313
1842,-8.79068626426,37.7096035505,-40.4119925012
1843,1.6950452088,20.8750665802,-31.1792647943
1844,12.0068017167,18.6780346521,-47.5626511041
1845,6.82858055827,19.001977538,-64.0698426519
1846,4.23474977654,29.3921440043,-62.4213285536
1847,6.08107915705,32.3511250408,-52.6801045184
1848,-3.84999720133,26.7213804702,-35.211114937
1849,-5.91540057506,16.7588629644,-19.8502502555
1850,1.08379564544,23.0186040365,-17.9418220678
1851,-10.9112148517,40.3676198406,-31.266701625
1852,-0.559303259902,44.8723741949,-38.492367555
1853,13.5044766544,27.0488415049,-30.0979025258
1854,21.6387146346,34.1544250751,-34.9756059704
1855,8.43590989618,43.7722033776,-40.2429416787
1856,-4.32252764913,51.3620367383,-54.4251661934
1857,3.42686758136,40.1575531719,-69.1020007268
1858,11.6939058418,23.8035398846,-60.408421001
1859,15.8769452565,19.1689812797,-42.6617728493
1860,17.7480941752,24.934847718,-31.0450519623
1861,12.3560700139,16.0354826039,-22.4849618761
1862,9.96885031606,10.0236225691,-31.6298661681
1863,12.8771758238,32.5228346331,-49.5586902237
1864,0.867713807995,56.2714408506,-67.3491007711
1865,0.210443897359,56.0715839813,-54.1289744185
1866,13.7988708847,30.8125934687,-38.439689583
1867,11.7055853637,-50.8779835516,-49.094414655
1868,19.6966645258,-48.3045651353,-63.2653954764
1869,9.91007516729,-53.0489300866,-70.1170289336
1870,2.72886295839,-50.2071784689,-67.262333899
1871,8.85629674055,-46.3925303746,-50.4048852637
1872,-2.49215089188,-49.2358221294,-38.3482891764
1873,-19.4749989986,-34.6239722888,-35.556187606
1874,-8.34258618184,-37.1531174842,-32.0056071504
1875,-1.87992103406,-44.0561295014,-48.5187398119
1876,7.78422635049,-43.6647379127,-64.8037561796
1877,17.6148146953,-36.101474036,-72.0762798849
1878,22.5515612884,-33.2210116504,-60.4969882361
1879,3.8280628555,-38.1126631699,-51.9242476519
1880,-10.7689716146,-32.8159536576,-41.9695567278
1881,-3.63976435484,-23.5684582975,-58.5108543225
1882,15.5588390629,-32.4354617219,-65.279965044
1883,15.70686921,-42.1308403358,-55.7107390129
1884,4.26415300787,-39.6613367222,-45.5980132482
1885,-9.2345483761,-27.264915094,-40.5299557437
1886,-11.1899458903,-22.0597363088,-33.6873106675
1887,-2.39942049671,-32.3159865644,-28.4531275359
1888,2.6024989413,-43.7098583987,-23.7102536165
1889,-3.42284023352,-42.6474735827,-15.6401450699
1890,0.70323834418,-29.593665964,-32.5614561708
1891,18.7193634141,-27.5499195967,-52.0082984597
1892,19.7452544055,-21.038167135,-66.2751456099
1893,7.97548509151,-18.0934907596,-62.9996698527
1894,6.32386093805,-27.0127274045,-45.1507192088
1895,-3.18113649943,-20.0258746832,-23.1244006833
1896,-15.2116037502,-15.1103322973,-33.9107691501
1897,-5.13627083489,-22.4760683893,-39.5743918478
1898,21.1654866543,-31.8705691063,-46.0035043943
1899,43.7436859362,-35.9278030819,-49.3001951403
1900,48.1261474128,-28.7252401858,-42.1616823094
1901,37.331852669,-27.3923103349,-34.5445091355
1902,14.9085418104,-24.7832006368,-38.9197934723
1903,-8.8759918405,-20.3345951119,-53.242572045
1904,-48.1199649391,49.8692576984,42.9922061359
1905,-54.7724707865,60.9539597824,38.3032990795
1906,-56.1512293459,70.2189723296,52.7067816967
1907,-67.5053960533,78.4486938495,61.6132665242
1908,-75.2572966699,78.4339739486,53.685130848
1909,-67.1717470791,63.1362323063,39.0741224173
1910,-57.7727547192,45.7490555365,33.172810349
1911,-47.1691927095,44.118894824,35.4488292374
1912,-36.9020800978,52.8493000876,36.2117458031
1913,-55.2282159501,66.4045079376,38.1864974124
1914,-57.1206511426,76.5962703284,56.3784183007
1915,-43.8794348857,58.0098847996,53.149728558
1916,-40.9755490113,44.1928338471,44.7136719915
1917,-53.0800126182,48.0935360083,40.3559802821
1918,-59.1885745568,62.8499386088,46.4874065352
1919,-50.3656453122,66.17675899,58.8501490031
1920,-36.7697375719,58.4216675712,67.6792976709
1921,-52.8253208424,47.6922843405,53.2144170812
1922,-55.3204811552,34.4224972616,31.2379724241
1923,-45.0732188692,38.3252228988,30.882517946
1924,-56.1985007871,48.631360115,29.769395565
1925,-67.0264164219,35.3031011851,27.8588893665
1926,-53.2359252765,35.9998403654,43.6963051787
1927,-41.5735557112,59.3502401464,59.6536641315
1928,-25.5681513894,59.2768023331,62.3118076519
1929,-25.7716467964,51.6582732594,68.1873318951
1930,-55.3401733996,48.8482864268,51.3171369137
1931,-64.4541734179,70.2080354703,52.7554607359
1932,-61.3424744646,63.7923178034,59.9746211387
1933,-65.3609692931,41.3766108421,49.5143628823
1934,-59.9447991877,24.6743019404,37.7743904847
1935,-47.2281289859,34.3347175917,43.1721981868
1936,-39.7047057734,45.3612905704,57.817097108
1937,-39.5504491271,41.1433231665,64.9599712098
1938,-49.1083226391,32.3075731179,59.0470330516
1939,-57.0497511905,47.264620498,52.8018839245
1940,-50.4161840149,50.263784719,70.4533596302
1941,-65.5360299884,28.2029258169,52.3731315307
